title,url
Directory of SQ Operated/Contract Lounges,http://www.sqtalk.com/forum/forum/singapore-airlines/sq-operated-partner-and-contract-lounges/451-
[SIN T3] The Private Room,http://www.sqtalk.com/forum/forum/singapore-airlines/sq-operated-partner-and-contract-lounges/357653-sin-t3-the-private-room
[SIN T3] SilverKris Lounge - Business Class Section (Late 2022),http://www.sqtalk.com/forum/forum/singapore-airlines/sq-operated-partner-and-contract-lounges/357421-sin-t3-silverkris-lounge-business-class-section-late-2022
"[KUL] SQ - Silver Kris Lounge (only for PPS, F pax or pax connecting to SQ C at SIN)",http://www.sqtalk.com/forum/forum/singapore-airlines/sq-operated-partner-and-contract-lounges/936-
SIA KrisFlyer Gold Lounge - Changi T3 (Open from May 2022),http://www.sqtalk.com/forum/forum/singapore-airlines/sq-operated-partner-and-contract-lounges/356279-sia-krisflyer-gold-lounge-changi-t3-open-from-may-2022
[SIN T2] SilverKris Lounge J Section (Reopened Oct 2022),http://www.sqtalk.com/forum/forum/singapore-airlines/sq-operated-partner-and-contract-lounges/357186-sin-t2-silverkris-lounge-j-section-reopened-oct-2022
[CPH] SAS Gold Lounge - Copenhagen Airport,http://www.sqtalk.com/forum/forum/singapore-airlines/sq-operated-partner-and-contract-lounges/357050-cph-sas-gold-lounge-copenhagen-airport
[SIN] Changi T3 SilverKris First Class Lounge (Sep 2022),http://www.sqtalk.com/forum/forum/singapore-airlines/sq-operated-partner-and-contract-lounges/356954-sin-changi-t3-silverkris-first-class-lounge-sep-2022
The SIA Lounge Experience 2022,http://www.sqtalk.com/forum/forum/singapore-airlines/sq-operated-partner-and-contract-lounges/356248-the-sia-lounge-experience-2022
Big changes coming to SKL / TPR / KF G at T3,http://www.sqtalk.com/forum/forum/singapore-airlines/sq-operated-partner-and-contract-lounges/15196-
[ICN] SQ - Silver Kris Lounge (Business Class),http://www.sqtalk.com/forum/forum/singapore-airlines/sq-operated-partner-and-contract-lounges/501-
[KIX] SQ Contract Lounge in Kansai Airport: JAL Sakura Lounge,http://www.sqtalk.com/forum/forum/singapore-airlines/sq-operated-partner-and-contract-lounges/13938-
[SIN T3] Temporary Krisflyer Gold Lounge (Shared Marhaba Lounge),http://www.sqtalk.com/forum/forum/singapore-airlines/sq-operated-partner-and-contract-lounges/15400-
MUC - Which lounge?,http://www.sqtalk.com/forum/forum/singapore-airlines/sq-operated-partner-and-contract-lounges/12996-
[MNL] SilverKris Lounge in Manila Airport T3,http://www.sqtalk.com/forum/forum/singapore-airlines/sq-operated-partner-and-contract-lounges/15381-
[DEL] Lufthansa Lounge,http://www.sqtalk.com/forum/forum/singapore-airlines/sq-operated-partner-and-contract-lounges/15382-
[DEL] New SKL,http://www.sqtalk.com/forum/forum/singapore-airlines/sq-operated-partner-and-contract-lounges/11829-
[SIN T3]  SKL C,http://www.sqtalk.com/forum/forum/singapore-airlines/sq-operated-partner-and-contract-lounges/3295-
[DUS] Open Sky Lounge,http://www.sqtalk.com/forum/forum/singapore-airlines/sq-operated-partner-and-contract-lounges/15355-
[BKK] New SKL opposite gate D8,http://www.sqtalk.com/forum/forum/singapore-airlines/sq-operated-partner-and-contract-lounges/14661-
[SFO] BA [New] F Lounge,http://www.sqtalk.com/forum/forum/singapore-airlines/sq-operated-partner-and-contract-lounges/15346-
HKG SKL Reopen after Refurb,http://www.sqtalk.com/forum/forum/singapore-airlines/sq-operated-partner-and-contract-lounges/11642-
[LAX] United Club at T7,http://www.sqtalk.com/forum/forum/singapore-airlines/sq-operated-partner-and-contract-lounges/15337-
[SIN T2+T3] Questions regarding showers at SKL,http://www.sqtalk.com/forum/forum/singapore-airlines/sq-operated-partner-and-contract-lounges/15330-
[SIN T2]SATS Premier Lounge,http://www.sqtalk.com/forum/forum/singapore-airlines/sq-operated-partner-and-contract-lounges/15098-
[BKK] Turkish Airlines Lounge,http://www.sqtalk.com/forum/forum/singapore-airlines/sq-operated-partner-and-contract-lounges/15285-
[LIS] TAP Portugal Premium Lounge (Star Gold Lounge),http://www.sqtalk.com/forum/forum/singapore-airlines/sq-operated-partner-and-contract-lounges/15283-
[LHR T2] United Club in Heathrow Terminal 2,http://www.sqtalk.com/forum/forum/singapore-airlines/sq-operated-partner-and-contract-lounges/15280-
[LHR T2] Lufthansa Senator and Business Lounges,http://www.sqtalk.com/forum/forum/singapore-airlines/sq-operated-partner-and-contract-lounges/15279-
[SIN T2] Closure of Changi Airport Terminal 2 KrisFlyer Gold Lounge,http://www.sqtalk.com/forum/forum/singapore-airlines/sq-operated-partner-and-contract-lounges/15258-
[AMS] New Star Alliance Lounge Now Open,http://www.sqtalk.com/forum/forum/singapore-airlines/sq-operated-partner-and-contract-lounges/15237-
Using SKL J on arrival with transit,http://www.sqtalk.com/forum/forum/singapore-airlines/sq-operated-partner-and-contract-lounges/14067-
[EWR] Guest policy for Virgin Clubhouse with SQ *A Gold?,http://www.sqtalk.com/forum/forum/singapore-airlines/sq-operated-partner-and-contract-lounges/15193-
Bringing in a guest to SilverKris Lounge (Changi) when flying in J and *A Gold,http://www.sqtalk.com/forum/forum/singapore-airlines/sq-operated-partner-and-contract-lounges/15189-
Best pay-access lounge at Changi airport,http://www.sqtalk.com/forum/forum/singapore-airlines/sq-operated-partner-and-contract-lounges/15167-
[KUL] Mini Silver Kris Lounge,http://www.sqtalk.com/forum/forum/singapore-airlines/sq-operated-partner-and-contract-lounges/13459-
"MLE - Leeli Lounge at Velana International Airport, Male, Maldives",http://www.sqtalk.com/forum/forum/singapore-airlines/sq-operated-partner-and-contract-lounges/15082-
[MEL] Air New Zealand Lounge (Star Alliance Gold),http://www.sqtalk.com/forum/forum/singapore-airlines/sq-operated-partner-and-contract-lounges/15078-
[SIN]  The Private Room at SKL T3,http://www.sqtalk.com/forum/forum/singapore-airlines/sq-operated-partner-and-contract-lounges/4402-
[ZRH] Suites lounge?,http://www.sqtalk.com/forum/forum/singapore-airlines/sq-operated-partner-and-contract-lounges/15035-
New SKL in LHR T2,http://www.sqtalk.com/forum/forum/singapore-airlines/sq-operated-partner-and-contract-lounges/12680-
[SFO] United Club near G98/G100 (Opened 2018),http://www.sqtalk.com/forum/forum/singapore-airlines/sq-operated-partner-and-contract-lounges/15020-
[SFO] SilverKris Lounge,http://www.sqtalk.com/forum/forum/singapore-airlines/sq-operated-partner-and-contract-lounges/13111-
TPR Access for Proposal,http://www.sqtalk.com/forum/forum/singapore-airlines/sq-operated-partner-and-contract-lounges/14969-
New dim sum corner at Krisflyer Gold lounge @ Changi T2,http://www.sqtalk.com/forum/forum/singapore-airlines/sq-operated-partner-and-contract-lounges/15001-
[MEL]SilverKris Lounge,http://www.sqtalk.com/forum/forum/singapore-airlines/sq-operated-partner-and-contract-lounges/14974-
SYD SKL : now open following refurb,http://www.sqtalk.com/forum/forum/singapore-airlines/sq-operated-partner-and-contract-lounges/12583-
DXB Lounge Access?,http://www.sqtalk.com/forum/forum/singapore-airlines/sq-operated-partner-and-contract-lounges/14876-
J pax bringing siblings in Y into SKL (no status),http://www.sqtalk.com/forum/forum/singapore-airlines/sq-operated-partner-and-contract-lounges/14816-
MAN lounge access on SQ Y as non-SQ *G?,http://www.sqtalk.com/forum/forum/singapore-airlines/sq-operated-partner-and-contract-lounges/11152-
Sleeping Rooms inT2/T3 SKL F,http://www.sqtalk.com/forum/forum/singapore-airlines/sq-operated-partner-and-contract-lounges/13803-
[LHR] Virgin Atlantic Clubhouse in T3,http://www.sqtalk.com/forum/forum/singapore-airlines/sq-operated-partner-and-contract-lounges/14696-
face massage in Incheon lounge ?,http://www.sqtalk.com/forum/forum/singapore-airlines/sq-operated-partner-and-contract-lounges/14693-
[NRT] ANA / Star Gold Lounge at T1,http://www.sqtalk.com/forum/forum/singapore-airlines/sq-operated-partner-and-contract-lounges/13866-
Seoul Incheon First Class Lounges,http://www.sqtalk.com/forum/forum/singapore-airlines/sq-operated-partner-and-contract-lounges/14608-
Best J lounge JFK and FRA,http://www.sqtalk.com/forum/forum/singapore-airlines/sq-operated-partner-and-contract-lounges/14514-
Access to lounge as Staralliance gold member,http://www.sqtalk.com/forum/forum/singapore-airlines/sq-operated-partner-and-contract-lounges/14544-
SIN T2 Lounges Undergoing Renovation,http://www.sqtalk.com/forum/forum/singapore-airlines/sq-operated-partner-and-contract-lounges/10337-
The Private Room (and the whole T3 SKL) needs renovating,http://www.sqtalk.com/forum/forum/singapore-airlines/sq-operated-partner-and-contract-lounges/14522-
TPR - Flight display boards removed!,http://www.sqtalk.com/forum/forum/singapore-airlines/sq-operated-partner-and-contract-lounges/14499-
[SIN T3]  SKL F,http://www.sqtalk.com/forum/forum/singapore-airlines/sq-operated-partner-and-contract-lounges/3294-
SIN SKL Showers,http://www.sqtalk.com/forum/forum/singapore-airlines/sq-operated-partner-and-contract-lounges/14416-
Is there an arrivals lounge in LHR for SQ?,http://www.sqtalk.com/forum/forum/singapore-airlines/sq-operated-partner-and-contract-lounges/14410-
SQ Lounge in AMS,http://www.sqtalk.com/forum/forum/singapore-airlines/sq-operated-partner-and-contract-lounges/11146-
"[SGN] Rose Lounge, previously known as the *A Lounge",http://www.sqtalk.com/forum/forum/singapore-airlines/sq-operated-partner-and-contract-lounges/4073-
New PVG lounge,http://www.sqtalk.com/forum/forum/singapore-airlines/sq-operated-partner-and-contract-lounges/12999-
[CDG] Star Alliance Business Lounge in Paris CDG T1,http://www.sqtalk.com/forum/forum/singapore-airlines/sq-operated-partner-and-contract-lounges/13820-
Dress code TPR barefoot wanderer in dining room,http://www.sqtalk.com/forum/forum/singapore-airlines/sq-operated-partner-and-contract-lounges/13800-
TPR access question,http://www.sqtalk.com/forum/forum/singapore-airlines/sq-operated-partner-and-contract-lounges/13720-
[FRA] Lufthana Senator / Star Gold Lounges in Area A and Z,http://www.sqtalk.com/forum/forum/singapore-airlines/sq-operated-partner-and-contract-lounges/13757-
[MNL] SKL F,http://www.sqtalk.com/forum/forum/singapore-airlines/sq-operated-partner-and-contract-lounges/1254-
Changi T3 with new SQ Lounges in 2017,http://www.sqtalk.com/forum/forum/singapore-airlines/sq-operated-partner-and-contract-lounges/13594-
[DXB] SQ Lounge,http://www.sqtalk.com/forum/forum/singapore-airlines/sq-operated-partner-and-contract-lounges/13531-
[KUL] Plaza Premium Lounge,http://www.sqtalk.com/forum/forum/singapore-airlines/sq-operated-partner-and-contract-lounges/13535-
Breakfast in the Changi T3 SilverKris Lounge,http://www.sqtalk.com/forum/forum/singapore-airlines/sq-operated-partner-and-contract-lounges/13511-
[ICN] Asiana Business Class Lounge in Satellite Terminal,http://www.sqtalk.com/forum/forum/singapore-airlines/sq-operated-partner-and-contract-lounges/13114-
[ICN] Asiana Business Class Lounge in the Main Terminal,http://www.sqtalk.com/forum/forum/singapore-airlines/sq-operated-partner-and-contract-lounges/13526-
"Source of the term ""Lounge Dragon""?",http://www.sqtalk.com/forum/forum/singapore-airlines/sq-operated-partner-and-contract-lounges/13503-
SilverKris Lounge Review (HKG),http://www.sqtalk.com/forum/forum/singapore-airlines/sq-operated-partner-and-contract-lounges/13425-
SKL in Terminal 2 vs SKL in Terminal 3,http://www.sqtalk.com/forum/forum/singapore-airlines/sq-operated-partner-and-contract-lounges/13388-
SKL's at Changi currently servicing Grand Marnier cocktails!,http://www.sqtalk.com/forum/forum/singapore-airlines/sq-operated-partner-and-contract-lounges/13270-
[HKG] United Club,http://www.sqtalk.com/forum/forum/singapore-airlines/sq-operated-partner-and-contract-lounges/13265-
Lounge question,http://www.sqtalk.com/forum/forum/singapore-airlines/sq-operated-partner-and-contract-lounges/13210-
Use of SKL when on codeshare flights,http://www.sqtalk.com/forum/forum/singapore-airlines/sq-operated-partner-and-contract-lounges/11957-
[BNE] The New Lounge - any experiences ?,http://www.sqtalk.com/forum/forum/singapore-airlines/sq-operated-partner-and-contract-lounges/6439-
[BKK]  TG Royal First Lounge,http://www.sqtalk.com/forum/forum/singapore-airlines/sq-operated-partner-and-contract-lounges/916-
"[JFK] Now has a New VS CH, this one is after security",http://www.sqtalk.com/forum/forum/singapore-airlines/sq-operated-partner-and-contract-lounges/11431-
CMB - Anyone familiar with Colombo lounges?,http://www.sqtalk.com/forum/forum/singapore-airlines/sq-operated-partner-and-contract-lounges/13126-
[IST] TK Lounge,http://www.sqtalk.com/forum/forum/singapore-airlines/sq-operated-partner-and-contract-lounges/13054-
ZRH - Which Business Class Lounge?,http://www.sqtalk.com/forum/forum/singapore-airlines/sq-operated-partner-and-contract-lounges/12272-
Newbie SKL Changi access question,http://www.sqtalk.com/forum/forum/singapore-airlines/sq-operated-partner-and-contract-lounges/12913-
KIX lounge for SQ,http://www.sqtalk.com/forum/forum/singapore-airlines/sq-operated-partner-and-contract-lounges/12719-
[BKK] New SilverKris Lounge,http://www.sqtalk.com/forum/forum/singapore-airlines/sq-operated-partner-and-contract-lounges/4241-
"SIA to spend $20m to build, upgrade airport lounges worldwide",http://www.sqtalk.com/forum/forum/singapore-airlines/sq-operated-partner-and-contract-lounges/11892-
DPS New Terminal Lounge?,http://www.sqtalk.com/forum/forum/singapore-airlines/sq-operated-partner-and-contract-lounges/12751-
"[BWN] Bandar Seri Bengawan, Brunei Sky Lounge",http://www.sqtalk.com/forum/forum/singapore-airlines/sq-operated-partner-and-contract-lounges/8390-
LAX Star Alliance Lounge,http://www.sqtalk.com/forum/forum/singapore-airlines/sq-operated-partner-and-contract-lounges/12660-
F lounge at JFK T7,http://www.sqtalk.com/forum/forum/singapore-airlines/sq-operated-partner-and-contract-lounges/12481-
Airport check-in 3 hr prior to flight in Narita Airport?,http://www.sqtalk.com/forum/forum/singapore-airlines/sq-operated-partner-and-contract-lounges/12531-
[MEL] SQ - Silver Kris Lounge (Business Class),http://www.sqtalk.com/forum/forum/singapore-airlines/sq-operated-partner-and-contract-lounges/537-
PPS - Access to VS Lounge when flying VS in Y?,http://www.sqtalk.com/forum/forum/singapore-airlines/sq-operated-partner-and-contract-lounges/12378-
Swiss Business Lounge at Changi,http://www.sqtalk.com/forum/forum/singapore-airlines/sq-operated-partner-and-contract-lounges/12404-
Access to Virgin Atlantic's Revivals Lounge,http://www.sqtalk.com/forum/forum/singapore-airlines/sq-operated-partner-and-contract-lounges/12384-
LHR Virgin Revivals Lounge,http://www.sqtalk.com/forum/forum/singapore-airlines/sq-operated-partner-and-contract-lounges/12358-
Silver Kris lounge in London,http://www.sqtalk.com/forum/forum/singapore-airlines/sq-operated-partner-and-contract-lounges/12184-
Any Star Alliance lounge in Czech,http://www.sqtalk.com/forum/forum/singapore-airlines/sq-operated-partner-and-contract-lounges/12181-
[SIN] T1 TG Royal Silk Lounge,http://www.sqtalk.com/forum/forum/singapore-airlines/sq-operated-partner-and-contract-lounges/3460-
Is VS Clubhouse Access over??,http://www.sqtalk.com/forum/forum/singapore-airlines/sq-operated-partner-and-contract-lounges/6426-
"Flying into SIN in F, leaving in J - TPR?",http://www.sqtalk.com/forum/forum/singapore-airlines/sq-operated-partner-and-contract-lounges/11648-
New Lounge at IAH,http://www.sqtalk.com/forum/forum/singapore-airlines/sq-operated-partner-and-contract-lounges/6395-
[PER] PER SKL undergoing renovation/extension,http://www.sqtalk.com/forum/forum/singapore-airlines/sq-operated-partner-and-contract-lounges/5451-
LHR SKL Raffles side to be refurbed,http://www.sqtalk.com/forum/forum/singapore-airlines/sq-operated-partner-and-contract-lounges/11589-
[PEK] Air China (Star Alliance Gold) J lounge,http://www.sqtalk.com/forum/forum/singapore-airlines/sq-operated-partner-and-contract-lounges/2919-
Barcelona J Lounge,http://www.sqtalk.com/forum/forum/singapore-airlines/sq-operated-partner-and-contract-lounges/8727-
EG access to VS clubhouse at NRT?,http://www.sqtalk.com/forum/forum/singapore-airlines/sq-operated-partner-and-contract-lounges/11801-
Can EG with SQ Y BP access TG lounge at SIN?,http://www.sqtalk.com/forum/forum/singapore-airlines/sq-operated-partner-and-contract-lounges/11735-
Sleeping room in SIN SKL F T2?,http://www.sqtalk.com/forum/forum/singapore-airlines/sq-operated-partner-and-contract-lounges/11759-
[BOM] LH Star Alliance Lounge,http://www.sqtalk.com/forum/forum/singapore-airlines/sq-operated-partner-and-contract-lounges/6534-
Priority Pass usage?,http://www.sqtalk.com/forum/forum/singapore-airlines/sq-operated-partner-and-contract-lounges/11591-
[CGK] Contract - Esplanade Lounge,http://www.sqtalk.com/forum/forum/singapore-airlines/sq-operated-partner-and-contract-lounges/454-
[EWR] Is shower possible?,http://www.sqtalk.com/forum/forum/singapore-airlines/sq-operated-partner-and-contract-lounges/11326-
[CPH] Copenhagen SAS Business Class Lounge,http://www.sqtalk.com/forum/forum/singapore-airlines/sq-operated-partner-and-contract-lounges/11533-
DPS lounge,http://www.sqtalk.com/forum/forum/singapore-airlines/sq-operated-partner-and-contract-lounges/11530-
PVG,http://www.sqtalk.com/forum/forum/singapore-airlines/sq-operated-partner-and-contract-lounges/11518-
Melbourne *A Lounge Access,http://www.sqtalk.com/forum/forum/singapore-airlines/sq-operated-partner-and-contract-lounges/11480-
Does SQ charge other *A airlines for their members entering SKL?,http://www.sqtalk.com/forum/forum/singapore-airlines/sq-operated-partner-and-contract-lounges/11455-
[SIN] SIN SQ Lounge Access & Overnight Questions,http://www.sqtalk.com/forum/forum/singapore-airlines/sq-operated-partner-and-contract-lounges/5268-
ICN Seoul Lounge,http://www.sqtalk.com/forum/forum/singapore-airlines/sq-operated-partner-and-contract-lounges/11436-
[FRA] LH Lounge,http://www.sqtalk.com/forum/forum/singapore-airlines/sq-operated-partner-and-contract-lounges/8330-
Sao Paulo lounge for SQ,http://www.sqtalk.com/forum/forum/singapore-airlines/sq-operated-partner-and-contract-lounges/11038-
Does SQ operates any arrival lounges at any airport?,http://www.sqtalk.com/forum/forum/singapore-airlines/sq-operated-partner-and-contract-lounges/11232-
Award F on TPR,http://www.sqtalk.com/forum/forum/singapore-airlines/sq-operated-partner-and-contract-lounges/11278-
MXP Lounge,http://www.sqtalk.com/forum/forum/singapore-airlines/sq-operated-partner-and-contract-lounges/11246-
Quick question,http://www.sqtalk.com/forum/forum/singapore-airlines/sq-operated-partner-and-contract-lounges/11199-
[CPT] SAA Baobab Lounge,http://www.sqtalk.com/forum/forum/singapore-airlines/sq-operated-partner-and-contract-lounges/11184-
Lounge Access Question,http://www.sqtalk.com/forum/forum/singapore-airlines/sq-operated-partner-and-contract-lounges/9664-
Commotion at SKL T3 because pax not notified about boarding,http://www.sqtalk.com/forum/forum/singapore-airlines/sq-operated-partner-and-contract-lounges/11047-
What are the different classes,http://www.sqtalk.com/forum/forum/singapore-airlines/sq-operated-partner-and-contract-lounges/11097-
SQ Lounges @ Changi T3,http://www.sqtalk.com/forum/forum/singapore-airlines/sq-operated-partner-and-contract-lounges/11042-
MUC LH Lounges closing on 16 May until September,http://www.sqtalk.com/forum/forum/singapore-airlines/sq-operated-partner-and-contract-lounges/10397-
SQ Taipei Lounge,http://www.sqtalk.com/forum/forum/singapore-airlines/sq-operated-partner-and-contract-lounges/10238-
No more shower facilities at SIN SQ lounge for EG and *G travelling in Y?,http://www.sqtalk.com/forum/forum/singapore-airlines/sq-operated-partner-and-contract-lounges/10766-
SKL Access For J Guests?,http://www.sqtalk.com/forum/forum/singapore-airlines/sq-operated-partner-and-contract-lounges/10811-
[SYD] SQ - Silver Kris Lounge (First Class),http://www.sqtalk.com/forum/forum/singapore-airlines/sq-operated-partner-and-contract-lounges/506-
Fight broke out in the Private Room,http://www.sqtalk.com/forum/forum/singapore-airlines/sq-operated-partner-and-contract-lounges/10715-
3am lounge access?,http://www.sqtalk.com/forum/forum/singapore-airlines/sq-operated-partner-and-contract-lounges/10574-
[BKK] TG's Royal Orchid Spa,http://www.sqtalk.com/forum/forum/singapore-airlines/sq-operated-partner-and-contract-lounges/10484-
SIA Bus/First class lounge at Manchester Airport is rubbish,http://www.sqtalk.com/forum/forum/singapore-airlines/sq-operated-partner-and-contract-lounges/10649-
Private room is very quite tonight (Wednesday),http://www.sqtalk.com/forum/forum/singapore-airlines/sq-operated-partner-and-contract-lounges/10596-
Change to SIN SKL F lounge access [SQ F inbound = SIN SKL F access],http://www.sqtalk.com/forum/forum/singapore-airlines/sq-operated-partner-and-contract-lounges/10434-
New champagne in T3 SKL F,http://www.sqtalk.com/forum/forum/singapore-airlines/sq-operated-partner-and-contract-lounges/10309-
[ICN] OZ - Asiana Lounge (First Class),http://www.sqtalk.com/forum/forum/singapore-airlines/sq-operated-partner-and-contract-lounges/531-
Lounge at FCO - Rome?,http://www.sqtalk.com/forum/forum/singapore-airlines/sq-operated-partner-and-contract-lounges/10133-
What lounge for SQ C to use in MXP Milan,http://www.sqtalk.com/forum/forum/singapore-airlines/sq-operated-partner-and-contract-lounges/10158-
C ticket but F access granted,http://www.sqtalk.com/forum/forum/singapore-airlines/sq-operated-partner-and-contract-lounges/10148-
[MXP] Lufthansa SEN lounge (Schengen),http://www.sqtalk.com/forum/forum/singapore-airlines/sq-operated-partner-and-contract-lounges/7264-
HND Suite lounge,http://www.sqtalk.com/forum/forum/singapore-airlines/sq-operated-partner-and-contract-lounges/9768-
Lounge Access for transit passenger,http://www.sqtalk.com/forum/forum/singapore-airlines/sq-operated-partner-and-contract-lounges/10007-
Noob question about lounges and virgin clubhouse,http://www.sqtalk.com/forum/forum/singapore-airlines/sq-operated-partner-and-contract-lounges/4048-
Phuket Lounge access for Business pax with SilkAir,http://www.sqtalk.com/forum/forum/singapore-airlines/sq-operated-partner-and-contract-lounges/9780-
Which SQ lounge at SIN can we use?,http://www.sqtalk.com/forum/forum/singapore-airlines/sq-operated-partner-and-contract-lounges/9542-
NRT Lounge,http://www.sqtalk.com/forum/forum/singapore-airlines/sq-operated-partner-and-contract-lounges/9425-
[LHR] SKL C,http://www.sqtalk.com/forum/forum/singapore-airlines/sq-operated-partner-and-contract-lounges/2526-
Upcoming report about SKL KIX,http://www.sqtalk.com/forum/forum/singapore-airlines/sq-operated-partner-and-contract-lounges/5445-
Priority Pass Arrivals Lounge access,http://www.sqtalk.com/forum/forum/singapore-airlines/sq-operated-partner-and-contract-lounges/9411-
[ZRH] SWISS Senator Lounge (Schengen area),http://www.sqtalk.com/forum/forum/singapore-airlines/sq-operated-partner-and-contract-lounges/6929-
Denpasar Lounge Drink Limit,http://www.sqtalk.com/forum/forum/singapore-airlines/sq-operated-partner-and-contract-lounges/9241-
[SIN] SQ - Silver Kris Lounge (Business Class),http://www.sqtalk.com/forum/forum/singapore-airlines/sq-operated-partner-and-contract-lounges/458-
FRA new LH FCL near gate B22,http://www.sqtalk.com/forum/forum/singapore-airlines/sq-operated-partner-and-contract-lounges/6425-
Bali (Denpasar) Lounge,http://www.sqtalk.com/forum/forum/singapore-airlines/sq-operated-partner-and-contract-lounges/9020-
ZRH - Arrivals Lounge,http://www.sqtalk.com/forum/forum/singapore-airlines/sq-operated-partner-and-contract-lounges/8999-
Changi Airport (inc lounges) WiFi restrictions,http://www.sqtalk.com/forum/forum/singapore-airlines/sq-operated-partner-and-contract-lounges/8767-
Should I overnight in lounge?,http://www.sqtalk.com/forum/forum/singapore-airlines/sq-operated-partner-and-contract-lounges/8711-
Shanghai Airlines Lounge PVG Review,http://www.sqtalk.com/forum/forum/singapore-airlines/sq-operated-partner-and-contract-lounges/8580-
[HKG] SKL at HKIA (post-renovation),http://www.sqtalk.com/forum/forum/singapore-airlines/sq-operated-partner-and-contract-lounges/3208-
Bringing a guest into JFK VS Clubhouse,http://www.sqtalk.com/forum/forum/singapore-airlines/sq-operated-partner-and-contract-lounges/8617-
[MUC] LH Business Lounge,http://www.sqtalk.com/forum/forum/singapore-airlines/sq-operated-partner-and-contract-lounges/8603-
[BKK] TG (main) C-Lounge at Concourse D no longer *G,http://www.sqtalk.com/forum/forum/singapore-airlines/sq-operated-partner-and-contract-lounges/7667-
"[ZRH] ""New"" Swiss First and HON Circle Lounge",http://www.sqtalk.com/forum/forum/singapore-airlines/sq-operated-partner-and-contract-lounges/2849-
[JNB] SAA Baobab Lounge,http://www.sqtalk.com/forum/forum/singapore-airlines/sq-operated-partner-and-contract-lounges/8506-
Advice on SQ26 and SQ25 lounge access,http://www.sqtalk.com/forum/forum/singapore-airlines/sq-operated-partner-and-contract-lounges/7892-
Access to SKL T3 if SQ/MI flight departs from T2,http://www.sqtalk.com/forum/forum/singapore-airlines/sq-operated-partner-and-contract-lounges/8401-
[LHR] LHR ARRIVAL,http://www.sqtalk.com/forum/forum/singapore-airlines/sq-operated-partner-and-contract-lounges/5900-
[NRT] NH - ANA Lounge (First Class),http://www.sqtalk.com/forum/forum/singapore-airlines/sq-operated-partner-and-contract-lounges/457-
[SIN T3]  First Class Check-In Lounge,http://www.sqtalk.com/forum/forum/singapore-airlines/sq-operated-partner-and-contract-lounges/3088-
Changes to bar staff work schedule at T3 SKL F,http://www.sqtalk.com/forum/forum/singapore-airlines/sq-operated-partner-and-contract-lounges/8100-
United Red Carpet Club Lounge Access,http://www.sqtalk.com/forum/forum/singapore-airlines/sq-operated-partner-and-contract-lounges/7560-
Which F lounge at LAX?,http://www.sqtalk.com/forum/forum/singapore-airlines/sq-operated-partner-and-contract-lounges/8059-
SQ T3 SilverKris Lounge Showers?,http://www.sqtalk.com/forum/forum/singapore-airlines/sq-operated-partner-and-contract-lounges/8038-
KrisGold on VS metal lounge access in LHR and  Hong Kong?,http://www.sqtalk.com/forum/forum/singapore-airlines/sq-operated-partner-and-contract-lounges/8018-
[KCH] Contracted Lounge,http://www.sqtalk.com/forum/forum/singapore-airlines/sq-operated-partner-and-contract-lounges/7995-
No sleeping facilities at SQ T3 Lounges,http://www.sqtalk.com/forum/forum/singapore-airlines/sq-operated-partner-and-contract-lounges/7801-
Krisflyer Gold- Which lounge in Rome?,http://www.sqtalk.com/forum/forum/singapore-airlines/sq-operated-partner-and-contract-lounges/7764-
LHR SAS lounge T3,http://www.sqtalk.com/forum/forum/singapore-airlines/sq-operated-partner-and-contract-lounges/7630-
SKL at SFO and HKG,http://www.sqtalk.com/forum/forum/singapore-airlines/sq-operated-partner-and-contract-lounges/4731-
[ICN] OZ J Lounge,http://www.sqtalk.com/forum/forum/singapore-airlines/sq-operated-partner-and-contract-lounges/4437-
Using the lounge in a different terminal at SIN,http://www.sqtalk.com/forum/forum/singapore-airlines/sq-operated-partner-and-contract-lounges/7895-
NRT Lounge Options for QPP in SQ J?,http://www.sqtalk.com/forum/forum/singapore-airlines/sq-operated-partner-and-contract-lounges/7834-
Staying in SIN Lounge After Flight,http://www.sqtalk.com/forum/forum/singapore-airlines/sq-operated-partner-and-contract-lounges/7752-
[MEL] SKL F,http://www.sqtalk.com/forum/forum/singapore-airlines/sq-operated-partner-and-contract-lounges/6854-
[LHR T1] Which *A Lounge,http://www.sqtalk.com/forum/forum/singapore-airlines/sq-operated-partner-and-contract-lounges/6947-
Can I go into the lounge with an award ticket?,http://www.sqtalk.com/forum/forum/singapore-airlines/sq-operated-partner-and-contract-lounges/6021-
[JNB] anyone familiar with SQ partner lounge here?,http://www.sqtalk.com/forum/forum/singapore-airlines/sq-operated-partner-and-contract-lounges/7570-
[IAH] - Continental Air President's Club,http://www.sqtalk.com/forum/forum/singapore-airlines/sq-operated-partner-and-contract-lounges/7525-
[MUC] LH First Class Lounge,http://www.sqtalk.com/forum/forum/singapore-airlines/sq-operated-partner-and-contract-lounges/4234-
Help ID'ing wine in the T3 SKL,http://www.sqtalk.com/forum/forum/singapore-airlines/sq-operated-partner-and-contract-lounges/7552-
[MEL] - Newbie question,http://www.sqtalk.com/forum/forum/singapore-airlines/sq-operated-partner-and-contract-lounges/7499-
UA RCC/IFL FRA Closing...What about SQ 26?,http://www.sqtalk.com/forum/forum/singapore-airlines/sq-operated-partner-and-contract-lounges/7493-
[KIX]SQ Lounge is Closed,http://www.sqtalk.com/forum/forum/singapore-airlines/sq-operated-partner-and-contract-lounges/7488-
A little question regarding lounge accessssss [at SIN T3]...,http://www.sqtalk.com/forum/forum/singapore-airlines/sq-operated-partner-and-contract-lounges/7480-
[CDG] Star Alliance Lounge,http://www.sqtalk.com/forum/forum/singapore-airlines/sq-operated-partner-and-contract-lounges/7390-
[PEN]  SQ - SKL,http://www.sqtalk.com/forum/forum/singapore-airlines/sq-operated-partner-and-contract-lounges/691-
[SUB] Trowulan Lounge,http://www.sqtalk.com/forum/forum/singapore-airlines/sq-operated-partner-and-contract-lounges/7271-
Krisgold member- FRA lounges which can I use?,http://www.sqtalk.com/forum/forum/singapore-airlines/sq-operated-partner-and-contract-lounges/6362-
[SFO] SKL F,http://www.sqtalk.com/forum/forum/singapore-airlines/sq-operated-partner-and-contract-lounges/1640-
KF *Gold - Guest access/child access at SIN,http://www.sqtalk.com/forum/forum/singapore-airlines/sq-operated-partner-and-contract-lounges/7215-
EWR Terminal A Lounge for AC flight,http://www.sqtalk.com/forum/forum/singapore-airlines/sq-operated-partner-and-contract-lounges/7086-
[IAD] UA International First Class Lounge,http://www.sqtalk.com/forum/forum/singapore-airlines/sq-operated-partner-and-contract-lounges/6429-
[HAN] Northern Airport Authorities Lounge,http://www.sqtalk.com/forum/forum/singapore-airlines/sq-operated-partner-and-contract-lounges/6966-
Shanghai Hongqiao Airport F Lounge,http://www.sqtalk.com/forum/forum/singapore-airlines/sq-operated-partner-and-contract-lounges/6878-
Flying FRA-SIN on SQ/J  - which lounge can I access?,http://www.sqtalk.com/forum/forum/singapore-airlines/sq-operated-partner-and-contract-lounges/6823-
Opening of new Ahmedabad Airport,http://www.sqtalk.com/forum/forum/singapore-airlines/sq-operated-partner-and-contract-lounges/6832-
Which lounge in BKK,http://www.sqtalk.com/forum/forum/singapore-airlines/sq-operated-partner-and-contract-lounges/6819-
[KBV] - TG Royal Silk Lounge,http://www.sqtalk.com/forum/forum/singapore-airlines/sq-operated-partner-and-contract-lounges/6816-
[SFO] SKL Lounge,http://www.sqtalk.com/forum/forum/singapore-airlines/sq-operated-partner-and-contract-lounges/6587-
What SQ F lounge to use in FRA,http://www.sqtalk.com/forum/forum/singapore-airlines/sq-operated-partner-and-contract-lounges/6573-
SQ *G Loung access on Codeshare question,http://www.sqtalk.com/forum/forum/singapore-airlines/sq-operated-partner-and-contract-lounges/6459-
[MEL] NZ C,http://www.sqtalk.com/forum/forum/singapore-airlines/sq-operated-partner-and-contract-lounges/532-
[LHR] VS - Clubhouse,http://www.sqtalk.com/forum/forum/singapore-airlines/sq-operated-partner-and-contract-lounges/299-
[SYD] Air New Zealand Koru Club,http://www.sqtalk.com/forum/forum/singapore-airlines/sq-operated-partner-and-contract-lounges/6377-
Hanoi Lounge,http://www.sqtalk.com/forum/forum/singapore-airlines/sq-operated-partner-and-contract-lounges/6339-
Overnighting in Zurich,http://www.sqtalk.com/forum/forum/singapore-airlines/sq-operated-partner-and-contract-lounges/6130-
[SFO] VS - Clubhouse,http://www.sqtalk.com/forum/forum/singapore-airlines/sq-operated-partner-and-contract-lounges/456-
[LCY] LCY Lounges (if any)?,http://www.sqtalk.com/forum/forum/singapore-airlines/sq-operated-partner-and-contract-lounges/5955-
Arrivals Lounge CDG,http://www.sqtalk.com/forum/forum/singapore-airlines/sq-operated-partner-and-contract-lounges/6118-
[SIN] Lounge choices at SIN?,http://www.sqtalk.com/forum/forum/singapore-airlines/sq-operated-partner-and-contract-lounges/5703-
[BKK] Question regarding TG lounges,http://www.sqtalk.com/forum/forum/singapore-airlines/sq-operated-partner-and-contract-lounges/6004-
[EWR] Denied entry to VS Clubhouse in Newark while on VS flight,http://www.sqtalk.com/forum/forum/singapore-airlines/sq-operated-partner-and-contract-lounges/5934-
[LAX] Star Alliance F lounge,http://www.sqtalk.com/forum/forum/singapore-airlines/sq-operated-partner-and-contract-lounges/3351-
Lounge/Left luggage/Check in at JNB,http://www.sqtalk.com/forum/forum/singapore-airlines/sq-operated-partner-and-contract-lounges/5843-
[HKG] VS - Clubhouse,http://www.sqtalk.com/forum/forum/singapore-airlines/sq-operated-partner-and-contract-lounges/382-
[SFO] - UA IFL,http://www.sqtalk.com/forum/forum/singapore-airlines/sq-operated-partner-and-contract-lounges/1016-
[FRA] Which Lounges can I and should I use in FRA?,http://www.sqtalk.com/forum/forum/singapore-airlines/sq-operated-partner-and-contract-lounges/3892-
[LHR] Breakfast Options at LHR VS Clubhouse,http://www.sqtalk.com/forum/forum/singapore-airlines/sq-operated-partner-and-contract-lounges/5751-
[AMS] Upcoming report about SKL AMSTERDAM NL,http://www.sqtalk.com/forum/forum/singapore-airlines/sq-operated-partner-and-contract-lounges/5442-
Lounge choices at LHR/BHX,http://www.sqtalk.com/forum/forum/singapore-airlines/sq-operated-partner-and-contract-lounges/5719-
[SIN] Contract - SATS Lounge at T2,http://www.sqtalk.com/forum/forum/singapore-airlines/sq-operated-partner-and-contract-lounges/536-
Can incoming SQ C pax use UA domestic RCC,http://www.sqtalk.com/forum/forum/singapore-airlines/sq-operated-partner-and-contract-lounges/5668-
[DPS] Contract - Premier Lounge,http://www.sqtalk.com/forum/forum/singapore-airlines/sq-operated-partner-and-contract-lounges/291-
[ICN] OZ F Lounge,http://www.sqtalk.com/forum/forum/singapore-airlines/sq-operated-partner-and-contract-lounges/5589-
Arrivals lounge in SIN ?,http://www.sqtalk.com/forum/forum/singapore-airlines/sq-operated-partner-and-contract-lounges/5381-
They Really Are Dragons,http://www.sqtalk.com/forum/forum/singapore-airlines/sq-operated-partner-and-contract-lounges/5537-
[SIN] Cutbacks at T2 SKL F,http://www.sqtalk.com/forum/forum/singapore-airlines/sq-operated-partner-and-contract-lounges/5430-
Non-*A pax using SKLs ?,http://www.sqtalk.com/forum/forum/singapore-airlines/sq-operated-partner-and-contract-lounges/5365-
Transiting Changi from F to J: which lounge is available?,http://www.sqtalk.com/forum/forum/singapore-airlines/sq-operated-partner-and-contract-lounges/5382-
[SIN] Access to T3 when flying into T2,http://www.sqtalk.com/forum/forum/singapore-airlines/sq-operated-partner-and-contract-lounges/4657-
SIN T3 KrisFlyer Lounge - infant access Q,http://www.sqtalk.com/forum/forum/singapore-airlines/sq-operated-partner-and-contract-lounges/5324-
[LHR] J class Lounge access option LHR.,http://www.sqtalk.com/forum/forum/singapore-airlines/sq-operated-partner-and-contract-lounges/5338-
[SYD] Best j class lounge in SYD,http://www.sqtalk.com/forum/forum/singapore-airlines/sq-operated-partner-and-contract-lounges/5322-
[KUL] Lounge with shower at KUL?,http://www.sqtalk.com/forum/forum/singapore-airlines/sq-operated-partner-and-contract-lounges/5178-
SKL logo,http://www.sqtalk.com/forum/forum/singapore-airlines/sq-operated-partner-and-contract-lounges/5156-
Guest privilege with J BP,http://www.sqtalk.com/forum/forum/singapore-airlines/sq-operated-partner-and-contract-lounges/3792-
F class lounge on kf redemption,http://www.sqtalk.com/forum/forum/singapore-airlines/sq-operated-partner-and-contract-lounges/4960-
[ADL] SKL,http://www.sqtalk.com/forum/forum/singapore-airlines/sq-operated-partner-and-contract-lounges/1263-
PVG (Shanghai) Lounge,http://www.sqtalk.com/forum/forum/singapore-airlines/sq-operated-partner-and-contract-lounges/3804-
[SIN] SQ - Silver Kris Lounge (First Class) - T2,http://www.sqtalk.com/forum/forum/singapore-airlines/sq-operated-partner-and-contract-lounges/293-
LHR - SQ F or VS CH?,http://www.sqtalk.com/forum/forum/singapore-airlines/sq-operated-partner-and-contract-lounges/4891-
[MXP] Contract - BA Terraces Lounge,http://www.sqtalk.com/forum/forum/singapore-airlines/sq-operated-partner-and-contract-lounges/473-
[FRA] LH - First Class Terminal,http://www.sqtalk.com/forum/forum/singapore-airlines/sq-operated-partner-and-contract-lounges/475-
"No status F pax, can bring 1 guest to lounge???",http://www.sqtalk.com/forum/forum/singapore-airlines/sq-operated-partner-and-contract-lounges/4775-
[HEL] Helsinki SAS Business Lounge,http://www.sqtalk.com/forum/forum/singapore-airlines/sq-operated-partner-and-contract-lounges/4756-
[PUS] new intl. terminal OZ/*A lounge,http://www.sqtalk.com/forum/forum/singapore-airlines/sq-operated-partner-and-contract-lounges/4730-
Mixed class flights...which lounge ??,http://www.sqtalk.com/forum/forum/singapore-airlines/sq-operated-partner-and-contract-lounges/4633-
Arrivals lounge in SIN?,http://www.sqtalk.com/forum/forum/singapore-airlines/sq-operated-partner-and-contract-lounges/4665-
[DXB] Any lounge for Biz pax on TG?,http://www.sqtalk.com/forum/forum/singapore-airlines/sq-operated-partner-and-contract-lounges/4592-
[KUL] TG post renovation,http://www.sqtalk.com/forum/forum/singapore-airlines/sq-operated-partner-and-contract-lounges/4637-
"BKK. If on SQ F, can I use TG's F lounge?",http://www.sqtalk.com/forum/forum/singapore-airlines/sq-operated-partner-and-contract-lounges/4005-
[IAH] IAH lounge?,http://www.sqtalk.com/forum/forum/singapore-airlines/sq-operated-partner-and-contract-lounges/4643-
Lounge in JFK,http://www.sqtalk.com/forum/forum/singapore-airlines/sq-operated-partner-and-contract-lounges/3870-
[MAN] Lounge at MAN,http://www.sqtalk.com/forum/forum/singapore-airlines/sq-operated-partner-and-contract-lounges/4493-
Which Silver Kris lounge on F ticket but Business Class Seat?,http://www.sqtalk.com/forum/forum/singapore-airlines/sq-operated-partner-and-contract-lounges/4407-
[LHR] LH SEN,http://www.sqtalk.com/forum/forum/singapore-airlines/sq-operated-partner-and-contract-lounges/4273-
[HKG] UA RCC,http://www.sqtalk.com/forum/forum/singapore-airlines/sq-operated-partner-and-contract-lounges/4292-
[MUC] SEN Cafe,http://www.sqtalk.com/forum/forum/singapore-airlines/sq-operated-partner-and-contract-lounges/4270-
SYD First class lounge recommendations?,http://www.sqtalk.com/forum/forum/singapore-airlines/sq-operated-partner-and-contract-lounges/1785-
[JFK] VS - Clubhouse,http://www.sqtalk.com/forum/forum/singapore-airlines/sq-operated-partner-and-contract-lounges/197-
[JNB] SA domestic lounge,http://www.sqtalk.com/forum/forum/singapore-airlines/sq-operated-partner-and-contract-lounges/4205-
"Lounge in BNE, SIN & FRA question",http://www.sqtalk.com/forum/forum/singapore-airlines/sq-operated-partner-and-contract-lounges/4178-
Lounge & Guests,http://www.sqtalk.com/forum/forum/singapore-airlines/sq-operated-partner-and-contract-lounges/4061-
Sydney SKL lounge guest access,http://www.sqtalk.com/forum/forum/singapore-airlines/sq-operated-partner-and-contract-lounges/4049-
[HKT] TG domestic lounge in HKT question,http://www.sqtalk.com/forum/forum/singapore-airlines/sq-operated-partner-and-contract-lounges/3954-
[HKT] TG international (temporary ?) lounge,http://www.sqtalk.com/forum/forum/singapore-airlines/sq-operated-partner-and-contract-lounges/3987-
Re-entering Lounges,http://www.sqtalk.com/forum/forum/singapore-airlines/sq-operated-partner-and-contract-lounges/3945-
Mumbai lounge?,http://www.sqtalk.com/forum/forum/singapore-airlines/sq-operated-partner-and-contract-lounges/3772-
Lounge dilemma,http://www.sqtalk.com/forum/forum/singapore-airlines/sq-operated-partner-and-contract-lounges/3923-
More than 1 guest in lounges?,http://www.sqtalk.com/forum/forum/singapore-airlines/sq-operated-partner-and-contract-lounges/3816-
[SIN] KF Gold Lounge SIN T3-Whats missing?,http://www.sqtalk.com/forum/forum/singapore-airlines/sq-operated-partner-and-contract-lounges/3052-
[SIN T3] Krisflyer Gold Lounge,http://www.sqtalk.com/forum/forum/singapore-airlines/sq-operated-partner-and-contract-lounges/3055-
Lounge in Cairo Airport...,http://www.sqtalk.com/forum/forum/singapore-airlines/sq-operated-partner-and-contract-lounges/3774-
[ICN] ICN lounge question,http://www.sqtalk.com/forum/forum/singapore-airlines/sq-operated-partner-and-contract-lounges/2958-
[BLR] Oberoi Lounge from 11 May,http://www.sqtalk.com/forum/forum/singapore-airlines/sq-operated-partner-and-contract-lounges/3759-
EWR-Newark Liberty- where to proceed?,http://www.sqtalk.com/forum/forum/singapore-airlines/sq-operated-partner-and-contract-lounges/3625-
[SIN] Plaza Premium Lounge Opinions?,http://www.sqtalk.com/forum/forum/singapore-airlines/sq-operated-partner-and-contract-lounges/3524-
"[RGN] Yangon, Myanmar - Royal Jade Lounge",http://www.sqtalk.com/forum/forum/singapore-airlines/sq-operated-partner-and-contract-lounges/3544-
LHR Virgin Revivals access on SQ322 F/Suites?,http://www.sqtalk.com/forum/forum/singapore-airlines/sq-operated-partner-and-contract-lounges/3527-
ZRH Lounge Hopping?,http://www.sqtalk.com/forum/forum/singapore-airlines/sq-operated-partner-and-contract-lounges/2319-
SKL F at T3 vibrates?,http://www.sqtalk.com/forum/forum/singapore-airlines/sq-operated-partner-and-contract-lounges/3159-
[HKG] SQ - Silver Kris Lounge,http://www.sqtalk.com/forum/forum/singapore-airlines/sq-operated-partner-and-contract-lounges/469-
[SFO] SQ - SKL Denied Access For *A Gold Members,http://www.sqtalk.com/forum/forum/singapore-airlines/sq-operated-partner-and-contract-lounges/819-
[ICN] Asiana Lounge in Incheon,http://www.sqtalk.com/forum/forum/singapore-airlines/sq-operated-partner-and-contract-lounges/3030-
[ORD]  Swiss Lounge,http://www.sqtalk.com/forum/forum/singapore-airlines/sq-operated-partner-and-contract-lounges/3166-
[LHR T3]  Virgin Atlantic Revival Lounge,http://www.sqtalk.com/forum/forum/singapore-airlines/sq-operated-partner-and-contract-lounges/3105-
[ZRH] Bellevue Lounge at E-Dock,http://www.sqtalk.com/forum/forum/singapore-airlines/sq-operated-partner-and-contract-lounges/3062-
[ZRH] Star Alliance Lounge (Operated by LH],http://www.sqtalk.com/forum/forum/singapore-airlines/sq-operated-partner-and-contract-lounges/3061-
Anyone been to the T3 SKL yet?,http://www.sqtalk.com/forum/forum/singapore-airlines/sq-operated-partner-and-contract-lounges/3021-
[SIN] Emerging Pictures of SQ SIN T3 Lounges,http://www.sqtalk.com/forum/forum/singapore-airlines/sq-operated-partner-and-contract-lounges/2881-
SKL F quieter with new access rules,http://www.sqtalk.com/forum/forum/singapore-airlines/sq-operated-partner-and-contract-lounges/2286-
SQ lounge access at SIN?,http://www.sqtalk.com/forum/forum/singapore-airlines/sq-operated-partner-and-contract-lounges/2287-
[CHC] Air New Zealand Koru,http://www.sqtalk.com/forum/forum/singapore-airlines/sq-operated-partner-and-contract-lounges/2914-
[LAX]  Air New Zealand Lounge at T2,http://www.sqtalk.com/forum/forum/singapore-airlines/sq-operated-partner-and-contract-lounges/2894-
pictures of T3 SKL??,http://www.sqtalk.com/forum/forum/singapore-airlines/sq-operated-partner-and-contract-lounges/2227-
[HKG] SQ Silver Kris Lounge,http://www.sqtalk.com/forum/forum/singapore-airlines/sq-operated-partner-and-contract-lounges/1413-
SFO lounge question,http://www.sqtalk.com/forum/forum/singapore-airlines/sq-operated-partner-and-contract-lounges/2651-
[AKL] NZ - Air New Zealand Lounge,http://www.sqtalk.com/forum/forum/singapore-airlines/sq-operated-partner-and-contract-lounges/459-
[GVA]  Swiss Lounge,http://www.sqtalk.com/forum/forum/singapore-airlines/sq-operated-partner-and-contract-lounges/2595-
help me with vote please: SKL F vs. TG lounge at KUL,http://www.sqtalk.com/forum/forum/singapore-airlines/sq-operated-partner-and-contract-lounges/2446-
Does Star Alliance Lounge Exist ???,http://www.sqtalk.com/forum/forum/singapore-airlines/sq-operated-partner-and-contract-lounges/2433-
Very confused SKL lounge dragons.,http://www.sqtalk.com/forum/forum/singapore-airlines/sq-operated-partner-and-contract-lounges/2413-
Question about SKL F access,http://www.sqtalk.com/forum/forum/singapore-airlines/sq-operated-partner-and-contract-lounges/2188-
[PVG] Silver Kris Lounge,http://www.sqtalk.com/forum/forum/singapore-airlines/sq-operated-partner-and-contract-lounges/2371-
VS Gold:  EWR + Other Lounges + Gold Baggage,http://www.sqtalk.com/forum/forum/singapore-airlines/sq-operated-partner-and-contract-lounges/2281-
[LHR] SKL F,http://www.sqtalk.com/forum/forum/singapore-airlines/sq-operated-partner-and-contract-lounges/1832-
Silly question about BA gold and QF Lounges,http://www.sqtalk.com/forum/forum/singapore-airlines/sq-operated-partner-and-contract-lounges/2141-
A question: time limit in lounges?,http://www.sqtalk.com/forum/forum/singapore-airlines/sq-operated-partner-and-contract-lounges/1818-
[FRA] FRA - which FCL?,http://www.sqtalk.com/forum/forum/singapore-airlines/sq-operated-partner-and-contract-lounges/2010-
[RAR] - NZ Lounge,http://www.sqtalk.com/forum/forum/singapore-airlines/sq-operated-partner-and-contract-lounges/2003-
[LAX] Contract - TBIT Temporary Shared F Lounge,http://www.sqtalk.com/forum/forum/singapore-airlines/sq-operated-partner-and-contract-lounges/past-closed-lounges/466-
TG Y from BKK (KF *G) - which lounge?,http://www.sqtalk.com/forum/forum/singapore-airlines/sq-operated-partner-and-contract-lounges/1870-
TBIT StarAlliance Lounge Opened on July 24,http://www.sqtalk.com/forum/forum/singapore-airlines/sq-operated-partner-and-contract-lounges/1714-
"[FRA] LH - First Class Lounge (Concourse B, next to Casino)",http://www.sqtalk.com/forum/forum/singapore-airlines/sq-operated-partner-and-contract-lounges/534-
[FRA] UA RCC Lounge,http://www.sqtalk.com/forum/forum/singapore-airlines/sq-operated-partner-and-contract-lounges/1447-
[FRA] LH Senator Lounge - concourse B,http://www.sqtalk.com/forum/forum/singapore-airlines/sq-operated-partner-and-contract-lounges/660-
"[NRT] Fauchon, Fauchon, Fauchon Help Please",http://www.sqtalk.com/forum/forum/singapore-airlines/sq-operated-partner-and-contract-lounges/1037-
[DMK] TG Lounge,http://www.sqtalk.com/forum/forum/singapore-airlines/sq-operated-partner-and-contract-lounges/1351-
Fly Busines SQ but use VS Clubhouse in LHR??,http://www.sqtalk.com/forum/forum/singapore-airlines/sq-operated-partner-and-contract-lounges/1340-
SIN SKL F Champagne,http://www.sqtalk.com/forum/forum/singapore-airlines/sq-operated-partner-and-contract-lounges/1243-
SYD SKL to close for renovations,http://www.sqtalk.com/forum/forum/singapore-airlines/sq-operated-partner-and-contract-lounges/1226-
[CMB] Contract - Lotus Lounge,http://www.sqtalk.com/forum/forum/singapore-airlines/sq-operated-partner-and-contract-lounges/494-
[BCN] Sala Salvador Dali,http://www.sqtalk.com/forum/forum/singapore-airlines/sq-operated-partner-and-contract-lounges/1175-
anyone in lounges fri april 13 ill 10 20 pm love to meet,http://www.sqtalk.com/forum/forum/singapore-airlines/sq-operated-partner-and-contract-lounges/1128-
Use of SKL F while travelling on SilkAir C?,http://www.sqtalk.com/forum/forum/singapore-airlines/sq-operated-partner-and-contract-lounges/1064-
[ITM] NH - Signet Lounge,http://www.sqtalk.com/forum/forum/singapore-airlines/sq-operated-partner-and-contract-lounges/1066-
[BRU] BMI Diamond Club Lounge,http://www.sqtalk.com/forum/forum/singapore-airlines/sq-operated-partner-and-contract-lounges/1059-
[AMS] SQ - Silver Kris Lounge,http://www.sqtalk.com/forum/forum/singapore-airlines/sq-operated-partner-and-contract-lounges/867-
[SYD] SQ Silver Kris Lounge (Business Class),http://www.sqtalk.com/forum/forum/singapore-airlines/sq-operated-partner-and-contract-lounges/998-
Question: Flying on BMI - which lounge?,http://www.sqtalk.com/forum/forum/singapore-airlines/sq-operated-partner-and-contract-lounges/990-
[KUL] TG Royal Orchid Lounge,http://www.sqtalk.com/forum/forum/singapore-airlines/sq-operated-partner-and-contract-lounges/935-
[BKK] - TG Royal Silk Lounge (concourse E),http://www.sqtalk.com/forum/forum/singapore-airlines/sq-operated-partner-and-contract-lounges/699-
[LHR] - LH Senator Lounge (T2),http://www.sqtalk.com/forum/forum/singapore-airlines/sq-operated-partner-and-contract-lounges/669-
[MUC] LH - Senator Lounge (G-Level),http://www.sqtalk.com/forum/forum/singapore-airlines/sq-operated-partner-and-contract-lounges/470-
[SIN] TG - Royal Silk Lounge,http://www.sqtalk.com/forum/forum/singapore-airlines/sq-operated-partner-and-contract-lounges/538-
[FRA] LH - First Class Lounge (Concourse A),http://www.sqtalk.com/forum/forum/singapore-airlines/sq-operated-partner-and-contract-lounges/535-
[TPE] SQ - Silver Kris Lounge,http://www.sqtalk.com/forum/forum/singapore-airlines/sq-operated-partner-and-contract-lounges/507-
[FCO] Contract - Le Anfore Lounge,http://www.sqtalk.com/forum/forum/singapore-airlines/sq-operated-partner-and-contract-lounges/471-
SQ First Menus,http://www.sqtalk.com/forum/forum/singapore-airlines/sq-catering-and-amenities/singapore-airlines-catering/68-
SQ Raffles Class Menus,http://www.sqtalk.com/forum/forum/singapore-airlines/sq-catering-and-amenities/singapore-airlines-catering/69-
SQ Y Menus,http://www.sqtalk.com/forum/forum/singapore-airlines/sq-catering-and-amenities/singapore-airlines-catering/4938-
The Menu Gallery - Raffles Class,http://www.sqtalk.com/forum/forum/singapore-airlines/sq-catering-and-amenities/singapore-airlines-catering/252-
The Menu Gallery - First Class,http://www.sqtalk.com/forum/forum/singapore-airlines/sq-catering-and-amenities/singapore-airlines-catering/148-
The Menu Gallery - Economy Class,http://www.sqtalk.com/forum/forum/singapore-airlines/sq-catering-and-amenities/singapore-airlines-catering/271-
BTC - Pictures collection,http://www.sqtalk.com/forum/forum/singapore-airlines/sq-catering-and-amenities/singapore-airlines-catering/920-
SQ Premium Economy Menus,http://www.sqtalk.com/forum/forum/singapore-airlines/sq-catering-and-amenities/singapore-airlines-catering/13909-
Vegetarian Meals on SQ and other airlines,http://www.sqtalk.com/forum/forum/singapore-airlines/sq-catering-and-amenities/singapore-airlines-catering/9484-
BTC selection help,http://www.sqtalk.com/forum/forum/singapore-airlines/sq-catering-and-amenities/singapore-airlines-catering/5584-
SHI QUAN SHI MEI - SQ830,http://www.sqtalk.com/forum/forum/singapore-airlines/sq-catering-and-amenities/singapore-airlines-catering/10199-
Ramen Kaisuke to be featured on selected flights,http://www.sqtalk.com/forum/forum/singapore-airlines/sq-catering-and-amenities/singapore-airlines-catering/15369-
BTC Ex-SEA & EWR to start soon,http://www.sqtalk.com/forum/forum/singapore-airlines/sq-catering-and-amenities/singapore-airlines-catering/15361-
BTC photos ex Taipei,http://www.sqtalk.com/forum/forum/singapore-airlines/sq-catering-and-amenities/singapore-airlines-catering/15246-
Pre-select your Inflight Meal,http://www.sqtalk.com/forum/forum/singapore-airlines/sq-catering-and-amenities/singapore-airlines-catering/15094-
Suites BTC question,http://www.sqtalk.com/forum/forum/singapore-airlines/sq-catering-and-amenities/singapore-airlines-catering/15047-
Caviar in sq 306 and sq 308,http://www.sqtalk.com/forum/forum/singapore-airlines/sq-catering-and-amenities/singapore-airlines-catering/15142-
Caviar in SQ 321?,http://www.sqtalk.com/forum/forum/singapore-airlines/sq-catering-and-amenities/singapore-airlines-catering/15100-
Singapore airline frequent flyer programme,http://www.sqtalk.com/forum/forum/singapore-airlines/sq-catering-and-amenities/singapore-airlines-catering/15091-
SQ feedback:No caviar if you BTC??,http://www.sqtalk.com/forum/forum/singapore-airlines/sq-catering-and-amenities/singapore-airlines-catering/15050-
Further catering cost cutting,http://www.sqtalk.com/forum/forum/singapore-airlines/sq-catering-and-amenities/singapore-airlines-catering/15046-
Book the cook,http://www.sqtalk.com/forum/forum/singapore-airlines/sq-catering-and-amenities/singapore-airlines-catering/14989-
Child Meal on SQ Business Class,http://www.sqtalk.com/forum/forum/singapore-airlines/sq-catering-and-amenities/singapore-airlines-catering/13421-
Brunch SQ 211,http://www.sqtalk.com/forum/forum/singapore-airlines/sq-catering-and-amenities/singapore-airlines-catering/14833-
BTC: Kyo Kaiseki,http://www.sqtalk.com/forum/forum/singapore-airlines/sq-catering-and-amenities/singapore-airlines-catering/14780-
Muslim meal in SQ Y,http://www.sqtalk.com/forum/forum/singapore-airlines/sq-catering-and-amenities/singapore-airlines-catering/8107-
70th Anniversary Local Fare,http://www.sqtalk.com/forum/forum/singapore-airlines/sq-catering-and-amenities/singapore-airlines-catering/14754-
Anyone tried the char siew rice dish in J yet?,http://www.sqtalk.com/forum/forum/singapore-airlines/sq-catering-and-amenities/singapore-airlines-catering/14723-
SIN-KUL-SIN - refreshments,http://www.sqtalk.com/forum/forum/singapore-airlines/sq-catering-and-amenities/singapore-airlines-catering/14669-
MENU for SQ603 and SQ826 ?,http://www.sqtalk.com/forum/forum/singapore-airlines/sq-catering-and-amenities/singapore-airlines-catering/14670-
SQ603 (ICN-SIN) menu ?,http://www.sqtalk.com/forum/forum/singapore-airlines/sq-catering-and-amenities/singapore-airlines-catering/14668-
CDG-SIN Catering in J,http://www.sqtalk.com/forum/forum/singapore-airlines/sq-catering-and-amenities/singapore-airlines-catering/14612-
SIA celebrate 50 years of flying down under with Aust themed meals,http://www.sqtalk.com/forum/forum/singapore-airlines/sq-catering-and-amenities/singapore-airlines-catering/14595-
Delicious Wholesome Book the Cook,http://www.sqtalk.com/forum/forum/singapore-airlines/sq-catering-and-amenities/singapore-airlines-catering/14143-
SQ Y Catering to Jakarta,http://www.sqtalk.com/forum/forum/singapore-airlines/sq-catering-and-amenities/singapore-airlines-catering/13722-
Semi-fluid meals,http://www.sqtalk.com/forum/forum/singapore-airlines/sq-catering-and-amenities/singapore-airlines-catering/14317-
menu onboard flights to india,http://www.sqtalk.com/forum/forum/singapore-airlines/sq-catering-and-amenities/singapore-airlines-catering/14112-
SQ Economy Class,http://www.sqtalk.com/forum/forum/singapore-airlines/sq-catering-and-amenities/singapore-airlines-catering/13951-
SQ26,http://www.sqtalk.com/forum/forum/singapore-airlines/sq-catering-and-amenities/singapore-airlines-catering/13952-
LHR menu request,http://www.sqtalk.com/forum/forum/singapore-airlines/sq-catering-and-amenities/singapore-airlines-catering/13940-
Fillet Steak in Y - SQ616 SIN-KIX,http://www.sqtalk.com/forum/forum/singapore-airlines/sq-catering-and-amenities/singapore-airlines-catering/13910-
Suites to CDG,http://www.sqtalk.com/forum/forum/singapore-airlines/sq-catering-and-amenities/singapore-airlines-catering/13911-
Peranakan Meals to be catered on flights!!,http://www.sqtalk.com/forum/forum/singapore-airlines/sq-catering-and-amenities/singapore-airlines-catering/13639-
BTC now available for Refreshment service?,http://www.sqtalk.com/forum/forum/singapore-airlines/sq-catering-and-amenities/singapore-airlines-catering/13831-
BTC SIN-TPE,http://www.sqtalk.com/forum/forum/singapore-airlines/sq-catering-and-amenities/singapore-airlines-catering/13837-
Instant Noodles,http://www.sqtalk.com/forum/forum/singapore-airlines/sq-catering-and-amenities/singapore-airlines-catering/13806-
Special SG50 cocktails / mocktails!!,http://www.sqtalk.com/forum/forum/singapore-airlines/sq-catering-and-amenities/singapore-airlines-catering/13709-
TLC's Nomad Chef: Up in the air episode featuring SQ,http://www.sqtalk.com/forum/forum/singapore-airlines/sq-catering-and-amenities/singapore-airlines-catering/13756-
SIN-HND-SIN Y Menu,http://www.sqtalk.com/forum/forum/singapore-airlines/sq-catering-and-amenities/singapore-airlines-catering/13681-
SQ494/495 SIN-DXB,http://www.sqtalk.com/forum/forum/singapore-airlines/sq-catering-and-amenities/singapore-airlines-catering/13613-
SQ25 and SQ221 F Menus,http://www.sqtalk.com/forum/forum/singapore-airlines/sq-catering-and-amenities/singapore-airlines-catering/13602-
Standard & Child Meals On SQ223/SQ214,http://www.sqtalk.com/forum/forum/singapore-airlines/sq-catering-and-amenities/singapore-airlines-catering/13593-
Special Meal Request on economY SQ (Seafood Meal),http://www.sqtalk.com/forum/forum/singapore-airlines/sq-catering-and-amenities/singapore-airlines-catering/7802-
BTC Ex-NRT,http://www.sqtalk.com/forum/forum/singapore-airlines/sq-catering-and-amenities/singapore-airlines-catering/13518-
Meals on SQ216 J,http://www.sqtalk.com/forum/forum/singapore-airlines/sq-catering-and-amenities/singapore-airlines-catering/13488-
"Does anyone have a latest SQ62 ""F"" menu to share?",http://www.sqtalk.com/forum/forum/singapore-airlines/sq-catering-and-amenities/singapore-airlines-catering/13384-
Current SQ235 Y catering/service-info?,http://www.sqtalk.com/forum/forum/singapore-airlines/sq-catering-and-amenities/singapore-airlines-catering/13324-
Shrinking Meal Portions in Business Class?,http://www.sqtalk.com/forum/forum/singapore-airlines/sq-catering-and-amenities/singapore-airlines-catering/12916-
Nasi Lemak on SQ800 SIN-PEK (J) Red-Eye,http://www.sqtalk.com/forum/forum/singapore-airlines/sq-catering-and-amenities/singapore-airlines-catering/13290-
Need Advise SIN-TPE-SIN,http://www.sqtalk.com/forum/forum/singapore-airlines/sq-catering-and-amenities/singapore-airlines-catering/13225-
SQ218 & 227 F Menus,http://www.sqtalk.com/forum/forum/singapore-airlines/sq-catering-and-amenities/singapore-airlines-catering/13103-
Meal Selection for business/1st class,http://www.sqtalk.com/forum/forum/singapore-airlines/sq-catering-and-amenities/singapore-airlines-catering/13082-
"What's this ""Japanese Meal"" option for Breakfast? LHR - SIN",http://www.sqtalk.com/forum/forum/singapore-airlines/sq-catering-and-amenities/singapore-airlines-catering/13049-
In-between Snacks: Fishball Noodles,http://www.sqtalk.com/forum/forum/singapore-airlines/sq-catering-and-amenities/singapore-airlines-catering/12812-
Lobster thermidor or thai red curry for light F meal ex-SFO?,http://www.sqtalk.com/forum/forum/singapore-airlines/sq-catering-and-amenities/singapore-airlines-catering/12773-
Halal Meal,http://www.sqtalk.com/forum/forum/singapore-airlines/sq-catering-and-amenities/singapore-airlines-catering/8956-
Book the cook - Worth the try?,http://www.sqtalk.com/forum/forum/singapore-airlines/sq-catering-and-amenities/singapore-airlines-catering/12285-
Supper and breakfast meal service in Suites,http://www.sqtalk.com/forum/forum/singapore-airlines/sq-catering-and-amenities/singapore-airlines-catering/12745-
Economy Class Breakfast,http://www.sqtalk.com/forum/forum/singapore-airlines/sq-catering-and-amenities/singapore-airlines-catering/12667-
Christmas Menus,http://www.sqtalk.com/forum/forum/singapore-airlines/sq-catering-and-amenities/singapore-airlines-catering/12681-
Matt Moran interview,http://www.sqtalk.com/forum/forum/singapore-airlines/sq-catering-and-amenities/singapore-airlines-catering/12684-
special meal - SFML for breakfast...what to...?,http://www.sqtalk.com/forum/forum/singapore-airlines/sq-catering-and-amenities/singapore-airlines-catering/12671-
Bak Kut Teh for Supper in J on SQ800 SIN-PEK,http://www.sqtalk.com/forum/forum/singapore-airlines/sq-catering-and-amenities/singapore-airlines-catering/12518-
New Chinese F menu on China flights,http://www.sqtalk.com/forum/forum/singapore-airlines/sq-catering-and-amenities/singapore-airlines-catering/12428-
Booking of Hanakoireki on SIN-FUK ??,http://www.sqtalk.com/forum/forum/singapore-airlines/sq-catering-and-amenities/singapore-airlines-catering/12460-
"BTC ""Yummy!"" menu",http://www.sqtalk.com/forum/forum/singapore-airlines/sq-catering-and-amenities/singapore-airlines-catering/11358-
Meal service,http://www.sqtalk.com/forum/forum/singapore-airlines/sq-catering-and-amenities/singapore-airlines-catering/12633-
"Decisions, decisions: Seared lamb loin or seared veal fillet",http://www.sqtalk.com/forum/forum/singapore-airlines/sq-catering-and-amenities/singapore-airlines-catering/12532-
how is SKL J for breakfast?,http://www.sqtalk.com/forum/forum/singapore-airlines/sq-catering-and-amenities/singapore-airlines-catering/12467-
Post Weaning Meal,http://www.sqtalk.com/forum/forum/singapore-airlines/sq-catering-and-amenities/singapore-airlines-catering/12243-
SIN-BKK-SIN BTC ??,http://www.sqtalk.com/forum/forum/singapore-airlines/sq-catering-and-amenities/singapore-airlines-catering/12397-
What is the new Kyo-Kaiseki meal like?,http://www.sqtalk.com/forum/forum/singapore-airlines/sq-catering-and-amenities/singapore-airlines-catering/9641-
BTC SIN-LHR comparisons,http://www.sqtalk.com/forum/forum/singapore-airlines/sq-catering-and-amenities/singapore-airlines-catering/11949-
It looks like it is now possible to BTC ex-MUC!,http://www.sqtalk.com/forum/forum/singapore-airlines/sq-catering-and-amenities/singapore-airlines-catering/12188-
Icecream on SQ25 In Y,http://www.sqtalk.com/forum/forum/singapore-airlines/sq-catering-and-amenities/singapore-airlines-catering/12126-
SQ211 J Class,http://www.sqtalk.com/forum/forum/singapore-airlines/sq-catering-and-amenities/singapore-airlines-catering/12116-
Menu changes,http://www.sqtalk.com/forum/forum/singapore-airlines/sq-catering-and-amenities/singapore-airlines-catering/12110-
Low lactose meals on SQ flights from sydney to Delhi and back,http://www.sqtalk.com/forum/forum/singapore-airlines/sq-catering-and-amenities/singapore-airlines-catering/11930-
Indian Vegetarian in First and Business,http://www.sqtalk.com/forum/forum/singapore-airlines/sq-catering-and-amenities/singapore-airlines-catering/12045-
SQ15 Economy Class VJML and Indian Veg Meal Menu,http://www.sqtalk.com/forum/forum/singapore-airlines/sq-catering-and-amenities/singapore-airlines-catering/11951-
Vegetarian BTC options in F,http://www.sqtalk.com/forum/forum/singapore-airlines/sq-catering-and-amenities/singapore-airlines-catering/5444-
Meal Times F,http://www.sqtalk.com/forum/forum/singapore-airlines/sq-catering-and-amenities/singapore-airlines-catering/11935-
AMS to SIN First Class Menu,http://www.sqtalk.com/forum/forum/singapore-airlines/sq-catering-and-amenities/singapore-airlines-catering/11805-
SQ Skyhigh cocktail,http://www.sqtalk.com/forum/forum/singapore-airlines/sq-catering-and-amenities/singapore-airlines-catering/11865-
SQ11,http://www.sqtalk.com/forum/forum/singapore-airlines/sq-catering-and-amenities/singapore-airlines-catering/11507-
AMS to SIN and SIN to ADL business class menu or book the cook?,http://www.sqtalk.com/forum/forum/singapore-airlines/sq-catering-and-amenities/singapore-airlines-catering/11740-
At last - New Book the Cook Menus !,http://www.sqtalk.com/forum/forum/singapore-airlines/sq-catering-and-amenities/singapore-airlines-catering/11609-
Food in SQ865 Hongkong - Singapore,http://www.sqtalk.com/forum/forum/singapore-airlines/sq-catering-and-amenities/singapore-airlines-catering/11749-
Y Menu for MAN - SIN,http://www.sqtalk.com/forum/forum/singapore-airlines/sq-catering-and-amenities/singapore-airlines-catering/11680-
Bangkok flights: Food in Y,http://www.sqtalk.com/forum/forum/singapore-airlines/sq-catering-and-amenities/singapore-airlines-catering/9623-
If my book the cook order isn't to my liking?,http://www.sqtalk.com/forum/forum/singapore-airlines/sq-catering-and-amenities/singapore-airlines-catering/11160-
Happy Easter from SQ,http://www.sqtalk.com/forum/forum/singapore-airlines/sq-catering-and-amenities/singapore-airlines-catering/11537-
Non-carb meal,http://www.sqtalk.com/forum/forum/singapore-airlines/sq-catering-and-amenities/singapore-airlines-catering/11506-
Cocktails,http://www.sqtalk.com/forum/forum/singapore-airlines/sq-catering-and-amenities/singapore-airlines-catering/11502-
Seafood and Vegetarian meal,http://www.sqtalk.com/forum/forum/singapore-airlines/sq-catering-and-amenities/singapore-airlines-catering/9462-
About Book the cook,http://www.sqtalk.com/forum/forum/singapore-airlines/sq-catering-and-amenities/singapore-airlines-catering/11284-
Have the meals on the flights changed?,http://www.sqtalk.com/forum/forum/singapore-airlines/sq-catering-and-amenities/singapore-airlines-catering/11312-
Fruit Loops in SKL?,http://www.sqtalk.com/forum/forum/singapore-airlines/sq-catering-and-amenities/singapore-airlines-catering/11287-
Special Meals,http://www.sqtalk.com/forum/forum/singapore-airlines/sq-catering-and-amenities/singapore-airlines-catering/10988-
SQ211 - Singapore-Sydney,http://www.sqtalk.com/forum/forum/singapore-airlines/sq-catering-and-amenities/singapore-airlines-catering/11212-
Food on SIN-KUL,http://www.sqtalk.com/forum/forum/singapore-airlines/sq-catering-and-amenities/singapore-airlines-catering/11180-
ST: The man who obsesses over SIA's inflight meals,http://www.sqtalk.com/forum/forum/singapore-airlines/sq-catering-and-amenities/singapore-airlines-catering/11114-
what if food ran out ???,http://www.sqtalk.com/forum/forum/singapore-airlines/sq-catering-and-amenities/singapore-airlines-catering/11161-
New Champagne in J?,http://www.sqtalk.com/forum/forum/singapore-airlines/sq-catering-and-amenities/singapore-airlines-catering/11082-
Common BTC items for F and J,http://www.sqtalk.com/forum/forum/singapore-airlines/sq-catering-and-amenities/singapore-airlines-catering/11094-
SQ345 / SQ346,http://www.sqtalk.com/forum/forum/singapore-airlines/sq-catering-and-amenities/singapore-airlines-catering/11080-
SQ Satay comparison,http://www.sqtalk.com/forum/forum/singapore-airlines/sq-catering-and-amenities/singapore-airlines-catering/10936-
One measely meal on SQ 12 SIN-NRT in Y ?,http://www.sqtalk.com/forum/forum/singapore-airlines/sq-catering-and-amenities/singapore-airlines-catering/10867-
You be the judge! Unacceptable SQ F class vegetarian meal,http://www.sqtalk.com/forum/forum/singapore-airlines/sq-catering-and-amenities/singapore-airlines-catering/9693-
Seafood meal questions,http://www.sqtalk.com/forum/forum/singapore-airlines/sq-catering-and-amenities/singapore-airlines-catering/8351-
Singapore Airlines To Serve Sweet White Wine In Suites And First Class,http://www.sqtalk.com/forum/forum/singapore-airlines/sq-catering-and-amenities/singapore-airlines-catering/10767-
"""Criteria"" for satay service?",http://www.sqtalk.com/forum/forum/singapore-airlines/sq-catering-and-amenities/singapore-airlines-catering/10775-
BTC Healthy Breakfast Ex-SIN,http://www.sqtalk.com/forum/forum/singapore-airlines/sq-catering-and-amenities/singapore-airlines-catering/10736-
SQ602,http://www.sqtalk.com/forum/forum/singapore-airlines/sq-catering-and-amenities/singapore-airlines-catering/10726-
Los Angeles Star Chef Suzanne Goin Joins Singapore Airlines' Int'l Culinary Panel,http://www.sqtalk.com/forum/forum/singapore-airlines/sq-catering-and-amenities/singapore-airlines-catering/10576-
Do they serve Champagne in coach?,http://www.sqtalk.com/forum/forum/singapore-airlines/sq-catering-and-amenities/singapore-airlines-catering/10644-
J Menu Requests,http://www.sqtalk.com/forum/forum/singapore-airlines/sq-catering-and-amenities/singapore-airlines-catering/9849-
Krug: Half bottles used in F,http://www.sqtalk.com/forum/forum/singapore-airlines/sq-catering-and-amenities/singapore-airlines-catering/10401-
SQ880 SINTPE,http://www.sqtalk.com/forum/forum/singapore-airlines/sq-catering-and-amenities/singapore-airlines-catering/10302-
can someone give me the current menu for SQ322/SQ317,http://www.sqtalk.com/forum/forum/singapore-airlines/sq-catering-and-amenities/singapore-airlines-catering/10295-
AVML now officially known as Indian/Hindu Veg meal!,http://www.sqtalk.com/forum/forum/singapore-airlines/sq-catering-and-amenities/singapore-airlines-catering/10142-
SIN-FCO Meals - Book the Cook?,http://www.sqtalk.com/forum/forum/singapore-airlines/sq-catering-and-amenities/singapore-airlines-catering/10217-
"Multiple menu requests : SQ235, SQ246, SQ308, SQ377",http://www.sqtalk.com/forum/forum/singapore-airlines/sq-catering-and-amenities/singapore-airlines-catering/8377-
SQ321 LHR-SIN,http://www.sqtalk.com/forum/forum/singapore-airlines/sq-catering-and-amenities/singapore-airlines-catering/10160-
How many meal on SQ 317,http://www.sqtalk.com/forum/forum/singapore-airlines/sq-catering-and-amenities/singapore-airlines-catering/4679-
Hanakoireki on SQ638,http://www.sqtalk.com/forum/forum/singapore-airlines/sq-catering-and-amenities/singapore-airlines-catering/10085-
Food in Economy Class to Europe,http://www.sqtalk.com/forum/forum/singapore-airlines/sq-catering-and-amenities/singapore-airlines-catering/9931-
Bad experiences in First Class,http://www.sqtalk.com/forum/forum/singapore-airlines/sq-catering-and-amenities/singapore-airlines-catering/9774-
Y menu IAH-DME-SIN return,http://www.sqtalk.com/forum/forum/singapore-airlines/sq-catering-and-amenities/singapore-airlines-catering/8584-
Why Different No. of Choices in A380 Y for Different Destinations,http://www.sqtalk.com/forum/forum/singapore-airlines/sq-catering-and-amenities/singapore-airlines-catering/9628-
does SQ inflight bar stock Martini?,http://www.sqtalk.com/forum/forum/singapore-airlines/sq-catering-and-amenities/singapore-airlines-catering/8668-
The Singapore Airlines - TWG Tea Drinker's Rating Thread,http://www.sqtalk.com/forum/forum/singapore-airlines/sq-catering-and-amenities/singapore-airlines-catering/6970-
Dilemma - whether to BTC,http://www.sqtalk.com/forum/forum/singapore-airlines/sq-catering-and-amenities/singapore-airlines-catering/8997-
Do SQ do double catering?,http://www.sqtalk.com/forum/forum/singapore-airlines/sq-catering-and-amenities/singapore-airlines-catering/9357-
Caviar now available on HKG-SIN,http://www.sqtalk.com/forum/forum/singapore-airlines/sq-catering-and-amenities/singapore-airlines-catering/6393-
Slipper Lobster Thermidor in J,http://www.sqtalk.com/forum/forum/singapore-airlines/sq-catering-and-amenities/singapore-airlines-catering/8547-
Declining standard for SQ Satay?,http://www.sqtalk.com/forum/forum/singapore-airlines/sq-catering-and-amenities/singapore-airlines-catering/9086-
BTC?,http://www.sqtalk.com/forum/forum/singapore-airlines/sq-catering-and-amenities/singapore-airlines-catering/8875-
Choice of Bread Rolls in First Class vs Business Class,http://www.sqtalk.com/forum/forum/singapore-airlines/sq-catering-and-amenities/singapore-airlines-catering/8869-
Pictures Collection:  Special Cakes Aboard SQ,http://www.sqtalk.com/forum/forum/singapore-airlines/sq-catering-and-amenities/singapore-airlines-catering/6455-
SQ 216 & SQ 618 PER - SIN - KIX Meals in J Class,http://www.sqtalk.com/forum/forum/singapore-airlines/sq-catering-and-amenities/singapore-airlines-catering/8828-
Another Book the Cook Question : F-Class,http://www.sqtalk.com/forum/forum/singapore-airlines/sq-catering-and-amenities/singapore-airlines-catering/8820-
F: Book the cook question MEL-SIN-FRA-JFK,http://www.sqtalk.com/forum/forum/singapore-airlines/sq-catering-and-amenities/singapore-airlines-catering/8790-
Book The Cook,http://www.sqtalk.com/forum/forum/singapore-airlines/sq-catering-and-amenities/singapore-airlines-catering/8740-
Business Class Menu,http://www.sqtalk.com/forum/forum/singapore-airlines/sq-catering-and-amenities/singapore-airlines-catering/8645-
SQSM disappeared from F cabin cuisine???,http://www.sqtalk.com/forum/forum/singapore-airlines/sq-catering-and-amenities/singapore-airlines-catering/8564-
SQ318  SIN-LHR,http://www.sqtalk.com/forum/forum/singapore-airlines/sq-catering-and-amenities/singapore-airlines-catering/8569-
Christmas Turkey Dinner,http://www.sqtalk.com/forum/forum/singapore-airlines/sq-catering-and-amenities/singapore-airlines-catering/7873-
"""Does Airline Food Always Have to Suck?""",http://www.sqtalk.com/forum/forum/singapore-airlines/sq-catering-and-amenities/singapore-airlines-catering/8394-
SQ J on the KUL-SIN-KUL runs,http://www.sqtalk.com/forum/forum/singapore-airlines/sq-catering-and-amenities/singapore-airlines-catering/4638-
Special Meals: Fruit Platter (Y),http://www.sqtalk.com/forum/forum/singapore-airlines/sq-catering-and-amenities/singapore-airlines-catering/8309-
Anyone know the current SQ321 Y Menu?,http://www.sqtalk.com/forum/forum/singapore-airlines/sq-catering-and-amenities/singapore-airlines-catering/8288-
Y Class Menu FRA-JFK-FRA,http://www.sqtalk.com/forum/forum/singapore-airlines/sq-catering-and-amenities/singapore-airlines-catering/8183-
J Class Menu Barceleona - Singapore,http://www.sqtalk.com/forum/forum/singapore-airlines/sq-catering-and-amenities/singapore-airlines-catering/8088-
Economy Class Meals SIN-SYD SQ221,http://www.sqtalk.com/forum/forum/singapore-airlines/sq-catering-and-amenities/singapore-airlines-catering/8000-
SQ285 SIN > AKL Business Class Menu?,http://www.sqtalk.com/forum/forum/singapore-airlines/sq-catering-and-amenities/singapore-airlines-catering/7606-
kosher meals what to expect with Singapore Airlines,http://www.sqtalk.com/forum/forum/singapore-airlines/sq-catering-and-amenities/singapore-airlines-catering/7467-
SQ 016 R-Class Menu from 1/9/1979,http://www.sqtalk.com/forum/forum/singapore-airlines/sq-catering-and-amenities/singapore-airlines-catering/2361-
F: Nigiri Sushi  vs 5-spice Chilean sea bass,http://www.sqtalk.com/forum/forum/singapore-airlines/sq-catering-and-amenities/singapore-airlines-catering/5166-
BTC for Breakfast SQ285 SIN to AKL,http://www.sqtalk.com/forum/forum/singapore-airlines/sq-catering-and-amenities/singapore-airlines-catering/7785-
Book-the-Cook on SIN - PER,http://www.sqtalk.com/forum/forum/singapore-airlines/sq-catering-and-amenities/singapore-airlines-catering/7734-
Satay prelude disappears on some of my sectors?,http://www.sqtalk.com/forum/forum/singapore-airlines/sq-catering-and-amenities/singapore-airlines-catering/7668-
Great food in J - but to find good cheese is like gold...,http://www.sqtalk.com/forum/forum/singapore-airlines/sq-catering-and-amenities/singapore-airlines-catering/7633-
BTC on SQ 321/285/318,http://www.sqtalk.com/forum/forum/singapore-airlines/sq-catering-and-amenities/singapore-airlines-catering/7466-
BTC options for upcoming flight in F,http://www.sqtalk.com/forum/forum/singapore-airlines/sq-catering-and-amenities/singapore-airlines-catering/7234-
Getting late BTC requests in,http://www.sqtalk.com/forum/forum/singapore-airlines/sq-catering-and-amenities/singapore-airlines-catering/7372-
BTC - How far in advance?,http://www.sqtalk.com/forum/forum/singapore-airlines/sq-catering-and-amenities/singapore-airlines-catering/7324-
Can Shi Quan Shi Mei Meal be requested on First Class departing from Singapore?,http://www.sqtalk.com/forum/forum/singapore-airlines/sq-catering-and-amenities/singapore-airlines-catering/7276-
Honeymoon cake in flight ?,http://www.sqtalk.com/forum/forum/singapore-airlines/sq-catering-and-amenities/singapore-airlines-catering/7121-
Not quite stargold's monster lobster BTC,http://www.sqtalk.com/forum/forum/singapore-airlines/sq-catering-and-amenities/singapore-airlines-catering/7015-
Flights that don't give you the FULL SQ catering experience,http://www.sqtalk.com/forum/forum/singapore-airlines/sq-catering-and-amenities/singapore-airlines-catering/5653-
Veggie meal options in C,http://www.sqtalk.com/forum/forum/singapore-airlines/sq-catering-and-amenities/singapore-airlines-catering/7036-
SIN-ICN-SFO Grub in J,http://www.sqtalk.com/forum/forum/singapore-airlines/sq-catering-and-amenities/singapore-airlines-catering/7033-
What are the Standard Meals on Singapore Airlines like in Economy,http://www.sqtalk.com/forum/forum/singapore-airlines/sq-catering-and-amenities/singapore-airlines-catering/6957-
Favourite route in terms of food,http://www.sqtalk.com/forum/forum/singapore-airlines/sq-catering-and-amenities/singapore-airlines-catering/179-
SQ 218 MEL - SIN  Supper in J ?,http://www.sqtalk.com/forum/forum/singapore-airlines/sq-catering-and-amenities/singapore-airlines-catering/6938-
BTC SQ 318/317,http://www.sqtalk.com/forum/forum/singapore-airlines/sq-catering-and-amenities/singapore-airlines-catering/6885-
"Which F lobster is best? LAX,NRT SIN?",http://www.sqtalk.com/forum/forum/singapore-airlines/sq-catering-and-amenities/singapore-airlines-catering/6820-
caviar service in F,http://www.sqtalk.com/forum/forum/singapore-airlines/sq-catering-and-amenities/singapore-airlines-catering/6781-
Some observartions on Tray usage for Short-Haul New Business Class,http://www.sqtalk.com/forum/forum/singapore-airlines/sq-catering-and-amenities/singapore-airlines-catering/6572-
Are 380/77W F/J meals better than they were on 747 on same route?,http://www.sqtalk.com/forum/forum/singapore-airlines/sq-catering-and-amenities/singapore-airlines-catering/6575-
BTC - Which Rack of Lamb?,http://www.sqtalk.com/forum/forum/singapore-airlines/sq-catering-and-amenities/singapore-airlines-catering/6500-
SQ219 - SIN -SYD F Meals,http://www.sqtalk.com/forum/forum/singapore-airlines/sq-catering-and-amenities/singapore-airlines-catering/6509-
Caviar in F from SYD?,http://www.sqtalk.com/forum/forum/singapore-airlines/sq-catering-and-amenities/singapore-airlines-catering/6206-
Is the Lobster so Great I Should Book it Twice?,http://www.sqtalk.com/forum/forum/singapore-airlines/sq-catering-and-amenities/singapore-airlines-catering/6447-
Latest Chef On International Culinary Panel Set To Thrill With Chinese Gourmet Deligh,http://www.sqtalk.com/forum/forum/singapore-airlines/sq-catering-and-amenities/singapore-airlines-catering/6444-
New Chinese Fine Dining Choices On Shi Quan Shi Mei (),http://www.sqtalk.com/forum/forum/singapore-airlines/sq-catering-and-amenities/singapore-airlines-catering/6443-
BTC: Guinea fowl ex-LHR,http://www.sqtalk.com/forum/forum/singapore-airlines/sq-catering-and-amenities/singapore-airlines-catering/5946-
SQ food for special occasions ?,http://www.sqtalk.com/forum/forum/singapore-airlines/sq-catering-and-amenities/singapore-airlines-catering/5431-
Meal Advice,http://www.sqtalk.com/forum/forum/singapore-airlines/sq-catering-and-amenities/singapore-airlines-catering/6382-
Low Salt Meal,http://www.sqtalk.com/forum/forum/singapore-airlines/sq-catering-and-amenities/singapore-airlines-catering/6378-
BTC in Y?,http://www.sqtalk.com/forum/forum/singapore-airlines/sq-catering-and-amenities/singapore-airlines-catering/6092-
Boiled Eggs in F,http://www.sqtalk.com/forum/forum/singapore-airlines/sq-catering-and-amenities/singapore-airlines-catering/5733-
"BTC in F on SQ227, 863 and 318",http://www.sqtalk.com/forum/forum/singapore-airlines/sq-catering-and-amenities/singapore-airlines-catering/5426-
Is the meal better if we choose online?,http://www.sqtalk.com/forum/forum/singapore-airlines/sq-catering-and-amenities/singapore-airlines-catering/6022-
BTC from SIN - CGK,http://www.sqtalk.com/forum/forum/singapore-airlines/sq-catering-and-amenities/singapore-airlines-catering/6007-
SQ messed up my meal choice - twice!!,http://www.sqtalk.com/forum/forum/singapore-airlines/sq-catering-and-amenities/singapore-airlines-catering/5736-
Vegetarian Options in Y,http://www.sqtalk.com/forum/forum/singapore-airlines/sq-catering-and-amenities/singapore-airlines-catering/5692-
BTC planning,http://www.sqtalk.com/forum/forum/singapore-airlines/sq-catering-and-amenities/singapore-airlines-catering/3135-
BTC on SQ 319,http://www.sqtalk.com/forum/forum/singapore-airlines/sq-catering-and-amenities/singapore-airlines-catering/5582-
Second J Meal on SQ2 HKG-SFO ?,http://www.sqtalk.com/forum/forum/singapore-airlines/sq-catering-and-amenities/singapore-airlines-catering/5560-
Y Class Meal - Starters?,http://www.sqtalk.com/forum/forum/singapore-airlines/sq-catering-and-amenities/singapore-airlines-catering/5524-
SQ12 SIN-NRT,http://www.sqtalk.com/forum/forum/singapore-airlines/sq-catering-and-amenities/singapore-airlines-catering/5413-
A Reference for Special Meals Available On Board Singapore Airlines,http://www.sqtalk.com/forum/forum/singapore-airlines/sq-catering-and-amenities/singapore-airlines-catering/5399-
BTC ex-NRT in C,http://www.sqtalk.com/forum/forum/singapore-airlines/sq-catering-and-amenities/singapore-airlines-catering/3965-
Satay,http://www.sqtalk.com/forum/forum/singapore-airlines/sq-catering-and-amenities/singapore-airlines-catering/3270-
Low Fat Meals in F,http://www.sqtalk.com/forum/forum/singapore-airlines/sq-catering-and-amenities/singapore-airlines-catering/5421-
How many meals on SQ 602,http://www.sqtalk.com/forum/forum/singapore-airlines/sq-catering-and-amenities/singapore-airlines-catering/5427-
Prices of wines served onboard SQ,http://www.sqtalk.com/forum/forum/singapore-airlines/sq-catering-and-amenities/singapore-airlines-catering/5378-
SQ25/26 BTC Recommendations,http://www.sqtalk.com/forum/forum/singapore-airlines/sq-catering-and-amenities/singapore-airlines-catering/5299-
BTC in J ex-MEL recommendations?,http://www.sqtalk.com/forum/forum/singapore-airlines/sq-catering-and-amenities/singapore-airlines-catering/5344-
Some basic BTC questions for SQ1/2,http://www.sqtalk.com/forum/forum/singapore-airlines/sq-catering-and-amenities/singapore-airlines-catering/3927-
Looking for BTC resommendations for SQ1,http://www.sqtalk.com/forum/forum/singapore-airlines/sq-catering-and-amenities/singapore-airlines-catering/5225-
Some Qs about First Class BTC,http://www.sqtalk.com/forum/forum/singapore-airlines/sq-catering-and-amenities/singapore-airlines-catering/5198-
No BTC in F,http://www.sqtalk.com/forum/forum/singapore-airlines/sq-catering-and-amenities/singapore-airlines-catering/5125-
Can I order J BTC when flying F?,http://www.sqtalk.com/forum/forum/singapore-airlines/sq-catering-and-amenities/singapore-airlines-catering/5071-
F Meals on SQ 466/467 SIN/CMB/SIN,http://www.sqtalk.com/forum/forum/singapore-airlines/sq-catering-and-amenities/singapore-airlines-catering/4994-
Flying SQ 15 tomorrow...what is the onboard menu,http://www.sqtalk.com/forum/forum/singapore-airlines/sq-catering-and-amenities/singapore-airlines-catering/4857-
SQ26 downgraded to Supper,http://www.sqtalk.com/forum/forum/singapore-airlines/sq-catering-and-amenities/singapore-airlines-catering/4855-
vital question requiring urgent help!!!,http://www.sqtalk.com/forum/forum/singapore-airlines/sq-catering-and-amenities/singapore-airlines-catering/4763-
How Many Meals on SQ 15 in F,http://www.sqtalk.com/forum/forum/singapore-airlines/sq-catering-and-amenities/singapore-airlines-catering/4680-
SQ879 TPE-SIN Y food: disappointing,http://www.sqtalk.com/forum/forum/singapore-airlines/sq-catering-and-amenities/singapore-airlines-catering/4519-
Anyone flown SQ638 in R lately?,http://www.sqtalk.com/forum/forum/singapore-airlines/sq-catering-and-amenities/singapore-airlines-catering/4461-
Cocktails on short flights?,http://www.sqtalk.com/forum/forum/singapore-airlines/sq-catering-and-amenities/singapore-airlines-catering/3853-
First time in buiness class how does meal service worki?,http://www.sqtalk.com/forum/forum/singapore-airlines/sq-catering-and-amenities/singapore-airlines-catering/4464-
Meal served on SQ 191,http://www.sqtalk.com/forum/forum/singapore-airlines/sq-catering-and-amenities/singapore-airlines-catering/4216-
What would you have for lunch ex-HKG in F?,http://www.sqtalk.com/forum/forum/singapore-airlines/sq-catering-and-amenities/singapore-airlines-catering/3988-
BTC ex-SYD,http://www.sqtalk.com/forum/forum/singapore-airlines/sq-catering-and-amenities/singapore-airlines-catering/3972-
Question regarding 2nd growth- Bordeaux in F,http://www.sqtalk.com/forum/forum/singapore-airlines/sq-catering-and-amenities/singapore-airlines-catering/3845-
Beef Sukiyaki,http://www.sqtalk.com/forum/forum/singapore-airlines/sq-catering-and-amenities/singapore-airlines-catering/284-
Menu and Beverage Cover Picture,http://www.sqtalk.com/forum/forum/singapore-airlines/sq-catering-and-amenities/singapore-airlines-catering/3161-
Ex-KIX Picture Menu (Mar-Jun 2007),http://www.sqtalk.com/forum/forum/singapore-airlines/sq-catering-and-amenities/singapore-airlines-catering/1403-
Keeping SQ menus,http://www.sqtalk.com/forum/forum/singapore-airlines/all-about-singapore-airlines/718-
2020 Biz Class Amenity Kit,http://www.sqtalk.com/forum/forum/singapore-airlines/sq-catering-and-amenities/sq-amenity-kits/15513-
"Definition of ""night"" flight (for F amenity kit)",http://www.sqtalk.com/forum/forum/singapore-airlines/sq-catering-and-amenities/sq-amenity-kits/3642-
New Lalique F Amenity Kit and Sleeper Suits,http://www.sqtalk.com/forum/forum/singapore-airlines/sq-catering-and-amenities/sq-amenity-kits/15070-
Success in asking for F amenity kit for shorter flights?,http://www.sqtalk.com/forum/forum/singapore-airlines/sq-catering-and-amenities/sq-amenity-kits/14855-
New F Amenity kits,http://www.sqtalk.com/forum/forum/singapore-airlines/sq-catering-and-amenities/sq-amenity-kits/11132-
Latest Toys and Stuff on SQ,http://www.sqtalk.com/forum/forum/singapore-airlines/sq-catering-and-amenities/sq-amenity-kits/287-
SQ Y & SQ C Amenity Kits,http://www.sqtalk.com/forum/forum/singapore-airlines/sq-catering-and-amenities/sq-amenity-kits/1690-
New Raffles Class 'Amenity Kit',http://www.sqtalk.com/forum/forum/singapore-airlines/sq-catering-and-amenities/sq-amenity-kits/13180-
Slight change to First/Suites sleeper pyjamas,http://www.sqtalk.com/forum/forum/singapore-airlines/sq-catering-and-amenities/sq-amenity-kits/11619-
F eyeshades - new style/colours,http://www.sqtalk.com/forum/forum/singapore-airlines/sq-catering-and-amenities/sq-amenity-kits/12361-
Economy seat electric power supply,http://www.sqtalk.com/forum/forum/singapore-airlines/sq-catering-and-amenities/sq-amenity-kits/11539-
Amenity Kit : SQ F,http://www.sqtalk.com/forum/forum/singapore-airlines/sq-catering-and-amenities/sq-amenity-kits/1528-
Suite Class pajama - same as first?,http://www.sqtalk.com/forum/forum/singapore-airlines/sq-catering-and-amenities/sq-amenity-kits/10118-
Toys of the past,http://www.sqtalk.com/forum/forum/singapore-airlines/sq-catering-and-amenities/sq-amenity-kits/8410-
Do SIA give out sleeping eye shades?,http://www.sqtalk.com/forum/forum/singapore-airlines/sq-catering-and-amenities/sq-amenity-kits/9762-
"Sleeper suits and toiletry kits given on which leg of SQ2, SQ1, SQ16 & SQ15?",http://www.sqtalk.com/forum/forum/singapore-airlines/sq-catering-and-amenities/sq-amenity-kits/9458-
First Class Amenity Kits on SQ12 SIN-NRT,http://www.sqtalk.com/forum/forum/singapore-airlines/sq-catering-and-amenities/sq-amenity-kits/7084-
Your Favorite Amenity Kits,http://www.sqtalk.com/forum/forum/singapore-airlines/sq-catering-and-amenities/sq-amenity-kits/678-
Amenity Kits:  R Class,http://www.sqtalk.com/forum/forum/singapore-airlines/sq-catering-and-amenities/sq-amenity-kits/6729-
Amenity Kits for day flights?,http://www.sqtalk.com/forum/forum/singapore-airlines/sq-catering-and-amenities/sq-amenity-kits/5414-
Amenity Kit:  A Special One,http://www.sqtalk.com/forum/forum/singapore-airlines/sq-catering-and-amenities/sq-amenity-kits/1533-
Amenity Kit : AZ J,http://www.sqtalk.com/forum/forum/singapore-airlines/sq-catering-and-amenities/sq-amenity-kits/1509-
New F Amenity Kits...,http://www.sqtalk.com/forum/forum/singapore-airlines/sq-catering-and-amenities/sq-amenity-kits/412-
77W amenity kit,http://www.sqtalk.com/forum/forum/singapore-airlines/sq-catering-and-amenities/sq-amenity-kits/232-
